sum,query,4,2,5.342,1.696,5.889
sum,query,4,4,5.342,1.696,5.384
sum,query,4,8,5.342,1.696,5.569
sum,query,4,16,5.342,1.696,5.972
sum,query,4,32,5.342,1.696,5.884
sum,query,4,64,5.342,1.696,5.677
sum,query,4,128,5.342,1.696,5.732
sum,query,4,256,5.342,1.696,5.598
sum,query,4,512,5.342,1.696,6.331
sum,query,8,2,9.210,4.291,7.633
sum,query,8,4,9.210,4.291,8.774
sum,query,8,8,9.210,4.291,8.667
sum,query,8,16,9.210,4.291,8.675
sum,query,8,32,9.210,4.291,8.450
sum,query,8,64,9.210,4.291,8.979
sum,query,8,128,9.210,4.291,9.306
sum,query,8,256,9.210,4.291,9.013
sum,query,8,512,9.210,4.291,8.896
sum,query,12,2,10.570,4.031,7.812
sum,query,12,4,10.570,4.031,8.599
sum,query,12,8,10.570,4.031,10.163
sum,query,12,16,10.570,4.031,10.283
sum,query,12,32,10.570,4.031,9.922
sum,query,12,64,10.570,4.031,9.104
sum,query,12,128,10.570,4.031,9.239
sum,query,12,256,10.570,4.031,9.058
sum,query,12,512,10.570,4.031,9.763
sum,query,16,2,9.332,4.347,7.010
sum,query,16,4,9.332,4.347,8.335
sum,query,16,8,9.332,4.347,10.446
sum,query,16,16,9.332,4.347,9.537
sum,query,16,32,9.332,4.347,9.860
sum,query,16,64,9.332,4.347,9.733
sum,query,16,128,9.332,4.347,10.132
sum,query,16,256,9.332,4.347,9.762
sum,query,16,512,9.332,4.347,9.525
sum,query,20,2,10.177,4.032,7.503
sum,query,20,4,10.177,4.032,7.783
sum,query,20,8,10.177,4.032,10.128
sum,query,20,16,10.177,4.032,10.035
sum,query,20,32,10.177,4.032,10.580
sum,query,20,64,10.177,4.032,10.261
sum,query,20,128,10.177,4.032,10.696
sum,query,20,256,10.177,4.032,10.044
sum,query,20,512,10.177,4.032,10.235
sum,query,24,2,11.292,4.352,7.729
sum,query,24,4,11.292,4.352,8.367
sum,query,24,8,11.292,4.352,9.441
sum,query,24,16,11.292,4.352,10.957
sum,query,24,32,11.292,4.352,10.252
sum,query,24,64,11.292,4.352,10.413
sum,query,24,128,11.292,4.352,10.417
sum,query,24,256,11.292,4.352,10.435
sum,query,24,512,11.292,4.352,10.455
sum,query,28,2,11.086,4.037,6.867
sum,query,28,4,11.086,4.037,8.108
sum,query,28,8,11.086,4.037,9.007
sum,query,28,16,11.086,4.037,10.465
sum,query,28,32,11.086,4.037,11.017
sum,query,28,64,11.086,4.037,11.100
sum,query,28,128,11.086,4.037,11.036
sum,query,28,256,11.086,4.037,11.058
sum,query,28,512,11.086,4.037,11.073
sum,query,32,2,11.097,4.375,7.424
sum,query,32,4,11.097,4.375,8.431
sum,query,32,8,11.097,4.375,9.897
sum,query,32,16,11.097,4.375,11.015
sum,query,32,32,11.097,4.375,11.029
sum,query,32,64,11.097,4.375,11.934
sum,query,32,128,11.097,4.375,12.962
sum,query,32,256,11.097,4.375,11.111
sum,query,32,512,11.097,4.375,11.300
sum,query,36,2,11.229,4.482,7.329
sum,query,36,4,11.229,4.482,8.460
sum,query,36,8,11.229,4.482,9.860
sum,query,36,16,11.229,4.482,11.300
sum,query,36,32,11.229,4.482,11.130
sum,query,36,64,11.229,4.482,11.486
sum,query,36,128,11.229,4.482,11.546
sum,query,36,256,11.229,4.482,11.370
sum,query,36,512,11.229,4.482,11.456
sum,query,40,2,11.676,4.395,7.189
sum,query,40,4,11.676,4.395,8.291
sum,query,40,8,11.676,4.395,9.437
sum,query,40,16,11.676,4.395,10.982
sum,query,40,32,11.676,4.395,12.407
sum,query,40,64,11.676,4.395,13.175
sum,query,40,128,11.676,4.395,12.686
sum,query,40,256,11.676,4.395,11.366
sum,query,40,512,11.676,4.395,11.674
sum,query,44,2,11.743,4.181,7.112
sum,query,44,4,11.743,4.181,8.018
sum,query,44,8,11.743,4.181,10.783
sum,query,44,16,11.743,4.181,11.400
sum,query,44,32,11.743,4.181,12.969
sum,query,44,64,11.743,4.181,13.833
sum,query,44,128,11.743,4.181,12.809
sum,query,44,256,11.743,4.181,12.109
sum,query,44,512,11.743,4.181,12.285
sum,query,48,2,13.103,4.873,8.709
sum,query,48,4,13.103,4.873,8.389
sum,query,48,8,13.103,4.873,11.310
sum,query,48,16,13.103,4.873,12.205
sum,query,48,32,13.103,4.873,14.316
sum,query,48,64,13.103,4.873,14.132
sum,query,48,128,13.103,4.873,14.255
sum,query,48,256,13.103,4.873,14.253
sum,query,48,512,13.103,4.873,14.315
sum,query,52,2,14.522,4.904,8.925
sum,query,52,4,14.522,4.904,9.567
sum,query,52,8,14.522,4.904,11.969
sum,query,52,16,14.522,4.904,12.472
sum,query,52,32,14.522,4.904,14.154
sum,query,52,64,14.522,4.904,14.044
sum,query,52,128,14.522,4.904,13.875
sum,query,52,256,14.522,4.904,13.160
sum,query,52,512,14.522,4.904,13.664
sum,query,56,2,14.912,5.304,9.336
sum,query,56,4,14.912,5.304,10.238
sum,query,56,8,14.912,5.304,11.919
sum,query,56,16,14.912,5.304,12.795
sum,query,56,32,14.912,5.304,15.528
sum,query,56,64,14.912,5.304,14.579
sum,query,56,128,14.912,5.304,14.434
sum,query,56,256,14.912,5.304,14.043
sum,query,56,512,14.912,5.304,14.712
sum,query,60,2,14.385,5.110,7.805
sum,query,60,4,14.385,5.110,8.540
sum,query,60,8,14.385,5.110,10.428
sum,query,60,16,14.385,5.110,11.499
sum,query,60,32,14.385,5.110,13.855
sum,query,60,64,14.385,5.110,13.045
sum,query,60,128,14.385,5.110,12.945
sum,query,60,256,14.385,5.110,12.968
sum,query,60,512,14.385,5.110,12.766
sum,query,64,2,12.549,4.677,7.649
sum,query,64,4,12.549,4.677,8.546
sum,query,64,8,12.549,4.677,10.496
sum,query,64,16,12.549,4.677,11.198
sum,query,64,32,12.549,4.677,13.496
sum,query,64,64,12.549,4.677,12.494
sum,query,64,128,12.549,4.677,12.484
sum,query,64,256,12.549,4.677,12.699
sum,query,64,512,12.549,4.677,12.749
sum,query,80,2,13.243,4.744,7.836
sum,query,80,4,13.243,4.744,8.720
sum,query,80,8,13.243,4.744,10.337
sum,query,80,16,13.243,4.744,10.946
sum,query,80,32,13.243,4.744,13.074
sum,query,80,64,13.243,4.744,12.928
sum,query,80,128,13.243,4.744,13.002
sum,query,80,256,13.243,4.744,12.827
sum,query,80,512,13.243,4.744,12.885
sum,query,96,2,13.285,4.686,7.679
sum,query,96,4,13.285,4.686,8.769
sum,query,96,8,13.285,4.686,10.198
sum,query,96,16,13.285,4.686,11.204
sum,query,96,32,13.285,4.686,12.693
sum,query,96,64,13.285,4.686,13.666
sum,query,96,128,13.285,4.686,13.221
sum,query,96,256,13.285,4.686,13.117
sum,query,96,512,13.285,4.686,13.221
sum,query,128,2,13.739,4.935,8.338
sum,query,128,4,13.739,4.935,8.889
sum,query,128,8,13.739,4.935,10.872
sum,query,128,16,13.739,4.935,11.886
sum,query,128,32,13.739,4.935,13.915
sum,query,128,64,13.739,4.935,14.798
sum,query,128,128,13.739,4.935,14.278
sum,query,128,256,13.739,4.935,14.243
sum,query,128,512,13.739,4.935,13.951
sum,query,192,2,15.159,5.175,8.045
sum,query,192,4,15.159,5.175,8.879
sum,query,192,8,15.159,5.175,10.837
sum,query,192,16,15.159,5.175,11.960
sum,query,192,32,15.159,5.175,14.091
sum,query,192,64,15.159,5.175,14.445
sum,query,192,128,15.159,5.175,15.196
sum,query,192,256,15.159,5.175,15.586
sum,query,192,512,15.159,5.175,15.294
sum,query,256,2,16.300,5.264,8.237
sum,query,256,4,16.300,5.264,9.312
sum,query,256,8,16.300,5.264,11.040
sum,query,256,16,16.300,5.264,12.406
sum,query,256,32,16.300,5.264,14.583
sum,query,256,64,16.300,5.264,15.211
sum,query,256,128,16.300,5.264,16.046
sum,query,256,256,16.300,5.264,16.131
sum,query,256,512,16.300,5.264,16.408
sum,query,384,2,18.249,5.325,8.327
sum,query,384,4,18.249,5.325,9.132
sum,query,384,8,18.249,5.325,10.978
sum,query,384,16,18.249,5.325,12.183
sum,query,384,32,18.249,5.325,14.180
sum,query,384,64,18.249,5.325,15.308
sum,query,384,128,18.249,5.325,15.465
sum,query,384,256,18.249,5.325,17.436
sum,query,384,512,18.249,5.325,18.756
sum,query,512,2,19.230,5.374,8.354
sum,query,512,4,19.230,5.374,9.337
sum,query,512,8,19.230,5.374,11.288
sum,query,512,16,19.230,5.374,12.378
sum,query,512,32,19.230,5.374,14.776
sum,query,512,64,19.230,5.374,15.957
sum,query,512,128,19.230,5.374,16.674
sum,query,512,256,19.230,5.374,18.356
sum,query,512,512,19.230,5.374,19.833
sum,query,768,2,22.805,5.416,8.340
sum,query,768,4,22.805,5.416,9.423
sum,query,768,8,22.805,5.416,11.210
sum,query,768,16,22.805,5.416,12.342
sum,query,768,32,22.805,5.416,14.772
sum,query,768,64,22.805,5.416,15.606
sum,query,768,128,22.805,5.416,16.368
sum,query,768,256,22.805,5.416,17.806
sum,query,768,512,22.805,5.416,20.190
sum,query,1024,2,29.318,5.524,8.578
sum,query,1024,4,29.318,5.524,9.565
sum,query,1024,8,29.318,5.524,11.495
sum,query,1024,16,29.318,5.524,12.678
sum,query,1024,32,29.318,5.524,14.927
sum,query,1024,64,29.318,5.524,16.141
sum,query,1024,128,29.318,5.524,17.867
sum,query,1024,256,29.318,5.524,19.059
sum,query,1024,512,29.318,5.524,22.189
sum,query,1536,2,39.964,5.596,8.673
sum,query,1536,4,39.964,5.596,9.602
sum,query,1536,8,39.964,5.596,11.506
sum,query,1536,16,39.964,5.596,12.766
sum,query,1536,32,39.964,5.596,15.111
sum,query,1536,64,39.964,5.596,16.204
sum,query,1536,128,39.964,5.596,16.886
sum,query,1536,256,39.964,5.596,19.123
sum,query,1536,512,39.964,5.596,22.351
sum,query,2048,2,39.935,5.785,8.861
sum,query,2048,4,39.935,5.785,9.763
sum,query,2048,8,39.935,5.785,11.794
sum,query,2048,16,39.935,5.785,12.896
sum,query,2048,32,39.935,5.785,15.622
sum,query,2048,64,39.935,5.785,16.400
sum,query,2048,128,39.935,5.785,17.568
sum,query,2048,256,39.935,5.785,19.768
sum,query,2048,512,39.935,5.785,22.238
sum,query,3072,2,55.262,5.839,8.786
sum,query,3072,4,55.262,5.839,9.764
sum,query,3072,8,55.262,5.839,11.660
sum,query,3072,16,55.262,5.839,13.725
sum,query,3072,32,55.262,5.839,15.506
sum,query,3072,64,55.262,5.839,16.614
sum,query,3072,128,55.262,5.839,17.348
sum,query,3072,256,55.262,5.839,19.467
sum,query,3072,512,55.262,5.839,22.324
sum,query,4096,2,91.735,5.903,8.998
sum,query,4096,4,91.735,5.903,9.975
sum,query,4096,8,91.735,5.903,11.849
sum,query,4096,16,91.735,5.903,13.110
sum,query,4096,32,91.735,5.903,15.499
sum,query,4096,64,91.735,5.903,16.791
sum,query,4096,128,91.735,5.903,18.176
sum,query,4096,256,91.735,5.903,20.187
sum,query,4096,512,91.735,5.903,23.145
sum,query,6144,2,140.943,6.335,10.058
sum,query,6144,4,140.943,6.335,13.787
sum,query,6144,8,140.943,6.335,15.990
sum,query,6144,16,140.943,6.335,17.846
sum,query,6144,32,140.943,6.335,17.993
sum,query,6144,64,140.943,6.335,18.187
sum,query,6144,128,140.943,6.335,17.684
sum,query,6144,256,140.943,6.335,21.679
sum,query,6144,512,140.943,6.335,24.590
sum,query,8192,2,240.328,6.725,10.038
sum,query,8192,4,240.328,6.725,11.324
sum,query,8192,8,240.328,6.725,13.260
sum,query,8192,16,240.328,6.725,14.269
sum,query,8192,32,240.328,6.725,16.656
sum,query,8192,64,240.328,6.725,18.031
sum,query,8192,128,240.328,6.725,19.369
sum,query,8192,256,240.328,6.725,21.387
sum,query,8192,512,240.328,6.725,24.907
sum,query,12288,2,257.520,6.561,9.965
sum,query,12288,4,257.520,6.561,11.432
sum,query,12288,8,257.520,6.561,13.283
sum,query,12288,16,257.520,6.561,15.454
sum,query,12288,32,257.520,6.561,15.508
sum,query,12288,64,257.520,6.561,19.156
sum,query,12288,128,257.520,6.561,30.387
sum,query,12288,256,257.520,6.561,34.392
sum,query,12288,512,257.520,6.561,43.390
sum,query,16384,2,607.910,11.023,15.725
sum,query,16384,4,607.910,11.023,17.743
sum,query,16384,8,607.910,11.023,20.356
sum,query,16384,16,607.910,11.023,22.843
sum,query,16384,32,607.910,11.023,26.227
sum,query,16384,64,607.910,11.023,28.968
sum,query,16384,128,607.910,11.023,31.788
sum,query,16384,256,607.910,11.023,36.230
sum,query,16384,512,607.910,11.023,44.041
sum,query,24576,2,849.269,9.924,14.094
sum,query,24576,4,849.269,9.924,15.843
sum,query,24576,8,849.269,9.924,19.774
sum,query,24576,16,849.269,9.924,22.642
sum,query,24576,32,849.269,9.924,18.618
sum,query,24576,64,849.269,9.924,19.938
sum,query,24576,128,849.269,9.924,21.008
sum,query,24576,256,849.269,9.924,23.589
sum,query,24576,512,849.269,9.924,27.696
sum,query,32768,2,1315.900,7.746,11.400
sum,query,32768,4,1315.900,7.746,12.622
sum,query,32768,8,1315.900,7.746,14.524
sum,query,32768,16,1315.900,7.746,16.683
sum,query,32768,32,1315.900,7.746,19.084
sum,query,32768,64,1315.900,7.746,20.127
sum,query,32768,128,1315.900,7.746,30.643
sum,query,32768,256,1315.900,7.746,36.661
sum,query,32768,512,1315.900,7.746,29.582
sum,query,49152,2,1999.747,8.009,11.423
sum,query,49152,4,1999.747,8.009,12.783
sum,query,49152,8,1999.747,8.009,15.107
sum,query,49152,16,1999.747,8.009,18.237
sum,query,49152,32,1999.747,8.009,20.376
sum,query,49152,64,1999.747,8.009,22.563
sum,query,49152,128,1999.747,8.009,23.516
sum,query,49152,256,1999.747,8.009,25.673
sum,query,49152,512,1999.747,8.009,29.284
sum,query,65536,2,2312.355,6.993,11.270
sum,query,65536,4,2312.355,6.993,11.630
sum,query,65536,8,2312.355,6.993,13.660
sum,query,65536,16,2312.355,6.993,14.154
sum,query,65536,32,2312.355,6.993,18.485
sum,query,65536,64,2312.355,6.993,19.811
sum,query,65536,128,2312.355,6.993,21.455
sum,query,65536,256,2312.355,6.993,23.229
sum,query,65536,512,2312.355,6.993,31.037
sum,query,98304,2,3722.827,7.884,11.473
sum,query,98304,4,3722.827,7.884,11.996
sum,query,98304,8,3722.827,7.884,14.334
sum,query,98304,16,3722.827,7.884,15.710
sum,query,98304,32,3722.827,7.884,18.457
sum,query,98304,64,3722.827,7.884,19.688
sum,query,98304,128,3722.827,7.884,20.411
sum,query,98304,256,3722.827,7.884,20.792
sum,query,98304,512,3722.827,7.884,25.671
sum,query,131072,2,4718.240,7.512,10.577
sum,query,131072,4,4718.240,7.512,11.565
sum,query,131072,8,4718.240,7.512,13.445
sum,query,131072,16,4718.240,7.512,15.099
sum,query,131072,32,4718.240,7.512,17.523
sum,query,131072,64,4718.240,7.512,18.768
sum,query,131072,128,4718.240,7.512,19.865
sum,query,131072,256,4718.240,7.512,22.179
sum,query,131072,512,4718.240,7.512,28.651
sum,query,196608,2,6685.375,7.688,10.340
sum,query,196608,4,6685.375,7.688,13.086
sum,query,196608,8,6685.375,7.688,14.962
sum,query,196608,16,6685.375,7.688,16.820
sum,query,196608,32,6685.375,7.688,19.352
sum,query,196608,64,6685.375,7.688,20.702
sum,query,196608,128,6685.375,7.688,22.318
sum,query,196608,256,6685.375,7.688,25.264
sum,query,196608,512,6685.375,7.688,33.027
sum,query,262144,2,11522.457,8.835,12.273
sum,query,262144,4,11522.457,8.835,13.409
sum,query,262144,8,11522.457,8.835,15.178
sum,query,262144,16,11522.457,8.835,17.167
sum,query,262144,32,11522.457,8.835,19.703
sum,query,262144,64,11522.457,8.835,21.463
sum,query,262144,128,11522.457,8.835,21.505
sum,query,262144,256,11522.457,8.835,26.282
sum,query,262144,512,11522.457,8.835,37.930
sum,query,393216,2,21020.160,12.533,16.399
sum,query,393216,4,21020.160,12.533,12.833
sum,query,393216,8,21020.160,12.533,15.236
sum,query,393216,16,21020.160,12.533,16.847
sum,query,393216,32,21020.160,12.533,19.544
sum,query,393216,64,21020.160,12.533,20.320
sum,query,393216,128,21020.160,12.533,21.660
sum,query,393216,256,21020.160,12.533,24.595
sum,query,393216,512,21020.160,12.533,34.336
sum,query,524288,2,26603.242,16.785,14.751
sum,query,524288,4,26603.242,16.785,17.620
sum,query,524288,8,26603.242,16.785,16.345
sum,query,524288,16,26603.242,16.785,17.479
sum,query,524288,32,26603.242,16.785,19.840
sum,query,524288,64,26603.242,16.785,20.321
sum,query,524288,128,26603.242,16.785,34.850
sum,query,524288,256,26603.242,16.785,42.277
sum,query,524288,512,26603.242,16.785,59.747
sum,query,786432,2,50680.402,22.806,18.011
sum,query,786432,4,50680.402,22.806,13.183
sum,query,786432,8,50680.402,22.806,13.762
sum,query,786432,16,50680.402,22.806,16.464
sum,query,786432,32,50680.402,22.806,18.676
sum,query,786432,64,50680.402,22.806,22.294
sum,query,786432,128,50680.402,22.806,22.423
sum,query,786432,256,50680.402,22.806,26.787
sum,query,786432,512,50680.402,22.806,42.894
sum,query,1048576,2,78724.809,30.267,24.803
sum,query,1048576,4,78724.809,30.267,16.661
sum,query,1048576,8,78724.809,30.267,15.856
sum,query,1048576,16,78724.809,30.267,19.498
sum,query,1048576,32,78724.809,30.267,22.077
sum,query,1048576,64,78724.809,30.267,23.495
sum,query,1048576,128,78724.809,30.267,23.664
sum,query,1048576,256,78724.809,30.267,31.214
sum,query,1048576,512,78724.809,30.267,51.524
sum,mixed,4,2,3.491,3.331,5.685
sum,mixed,4,4,3.491,3.331,4.074
sum,mixed,4,8,3.491,3.331,4.179
sum,mixed,4,16,3.491,3.331,4.091
sum,mixed,4,32,3.491,3.331,4.379
sum,mixed,4,64,3.491,3.331,4.092
sum,mixed,4,128,3.491,3.331,4.201
sum,mixed,4,256,3.491,3.331,4.250
sum,mixed,4,512,3.491,3.331,4.074
sum,mixed,8,2,4.735,4.846,5.754
sum,mixed,8,4,4.735,4.846,6.060
sum,mixed,8,8,4.735,4.846,4.968
sum,mixed,8,16,4.735,4.846,4.992
sum,mixed,8,32,4.735,4.846,4.988
sum,mixed,8,64,4.735,4.846,5.045
sum,mixed,8,128,4.735,4.846,5.042
sum,mixed,8,256,4.735,4.846,4.977
sum,mixed,8,512,4.735,4.846,4.975
sum,mixed,12,2,5.128,4.392,5.873
sum,mixed,12,4,5.128,4.392,5.544
sum,mixed,12,8,5.128,4.392,6.405
sum,mixed,12,16,5.128,4.392,5.765
sum,mixed,12,32,5.128,4.392,5.302
sum,mixed,12,64,5.128,4.392,5.499
sum,mixed,12,128,5.128,4.392,5.574
sum,mixed,12,256,5.128,4.392,5.507
sum,mixed,12,512,5.128,4.392,5.497
sum,mixed,16,2,5.448,5.113,6.576
sum,mixed,16,4,5.448,5.113,6.478
sum,mixed,16,8,5.448,5.113,7.240
sum,mixed,16,16,5.448,5.113,5.735
sum,mixed,16,32,5.448,5.113,5.649
sum,mixed,16,64,5.448,5.113,5.600
sum,mixed,16,128,5.448,5.113,5.562
sum,mixed,16,256,5.448,5.113,5.575
sum,mixed,16,512,5.448,5.113,5.558
sum,mixed,20,2,5.632,4.770,6.435
sum,mixed,20,4,5.632,4.770,6.111
sum,mixed,20,8,5.632,4.770,6.768
sum,mixed,20,16,5.632,4.770,6.145
sum,mixed,20,32,5.632,4.770,5.831
sum,mixed,20,64,5.632,4.770,5.834
sum,mixed,20,128,5.632,4.770,6.208
sum,mixed,20,256,5.632,4.770,6.319
sum,mixed,20,512,5.632,4.770,6.604
sum,mixed,24,2,5.995,4.755,6.202
sum,mixed,24,4,5.995,4.755,6.309
sum,mixed,24,8,5.995,4.755,7.232
sum,mixed,24,16,5.995,4.755,6.931
sum,mixed,24,32,5.995,4.755,6.578
sum,mixed,24,64,5.995,4.755,6.966
sum,mixed,24,128,5.995,4.755,6.979
sum,mixed,24,256,5.995,4.755,7.127
sum,mixed,24,512,5.995,4.755,7.073
sum,mixed,28,2,7.121,5.418,7.078
sum,mixed,28,4,7.121,5.418,7.441
sum,mixed,28,8,7.121,5.418,6.986
sum,mixed,28,16,7.121,5.418,7.587
sum,mixed,28,32,7.121,5.418,7.503
sum,mixed,28,64,7.121,5.418,7.690
sum,mixed,28,128,7.121,5.418,6.800
sum,mixed,28,256,7.121,5.418,6.714
sum,mixed,28,512,7.121,5.418,6.767
sum,mixed,32,2,6.627,5.335,6.980
sum,mixed,32,4,6.627,5.335,7.153
sum,mixed,32,8,6.627,5.335,7.241
sum,mixed,32,16,6.627,5.335,7.993
sum,mixed,32,32,6.627,5.335,6.836
sum,mixed,32,64,6.627,5.335,6.695
sum,mixed,32,128,6.627,5.335,6.688
sum,mixed,32,256,6.627,5.335,6.612
sum,mixed,32,512,6.627,5.335,6.683
sum,mixed,36,2,6.767,5.586,6.930
sum,mixed,36,4,6.767,5.586,7.167
sum,mixed,36,8,6.767,5.586,7.335
sum,mixed,36,16,6.767,5.586,7.771
sum,mixed,36,32,6.767,5.586,7.110
sum,mixed,36,64,6.767,5.586,7.531
sum,mixed,36,128,6.767,5.586,7.945
sum,mixed,36,256,6.767,5.586,6.755
sum,mixed,36,512,6.767,5.586,6.882
sum,mixed,40,2,6.869,5.414,6.804
sum,mixed,40,4,6.869,5.414,7.113
sum,mixed,40,8,6.869,5.414,8.562
sum,mixed,40,16,6.869,5.414,7.850
sum,mixed,40,32,6.869,5.414,7.661
sum,mixed,40,64,6.869,5.414,6.922
sum,mixed,40,128,6.869,5.414,6.943
sum,mixed,40,256,6.869,5.414,6.800
sum,mixed,40,512,6.869,5.414,6.895
sum,mixed,44,2,8.009,6.229,7.120
sum,mixed,44,4,8.009,6.229,7.057
sum,mixed,44,8,8.009,6.229,7.156
sum,mixed,44,16,8.009,6.229,7.314
sum,mixed,44,32,8.009,6.229,7.737
sum,mixed,44,64,8.009,6.229,8.068
sum,mixed,44,128,8.009,6.229,7.875
sum,mixed,44,256,8.009,6.229,7.358
sum,mixed,44,512,8.009,6.229,7.216
sum,mixed,48,2,7.044,5.280,6.762
sum,mixed,48,4,7.044,5.280,7.659
sum,mixed,48,8,7.044,5.280,8.322
sum,mixed,48,16,7.044,5.280,7.331
sum,mixed,48,32,7.044,5.280,8.289
sum,mixed,48,64,7.044,5.280,7.198
sum,mixed,48,128,7.044,5.280,7.187
sum,mixed,48,256,7.044,5.280,7.212
sum,mixed,48,512,7.044,5.280,7.390
sum,mixed,52,2,7.079,5.267,6.653
sum,mixed,52,4,7.079,5.267,6.773
sum,mixed,52,8,7.079,5.267,7.439
sum,mixed,52,16,7.079,5.267,7.443
sum,mixed,52,32,7.079,5.267,8.372
sum,mixed,52,64,7.079,5.267,7.157
sum,mixed,52,128,7.079,5.267,7.219
sum,mixed,52,256,7.079,5.267,7.273
sum,mixed,52,512,7.079,5.267,7.579
sum,mixed,56,2,7.953,5.936,7.615
sum,mixed,56,4,7.953,5.936,7.969
sum,mixed,56,8,7.953,5.936,8.512
sum,mixed,56,16,7.953,5.936,8.617
sum,mixed,56,32,7.953,5.936,9.871
sum,mixed,56,64,7.953,5.936,8.104
sum,mixed,56,128,7.953,5.936,7.380
sum,mixed,56,256,7.953,5.936,7.638
sum,mixed,56,512,7.953,5.936,7.201
sum,mixed,60,2,7.243,5.357,6.801
sum,mixed,60,4,7.243,5.357,7.016
sum,mixed,60,8,7.243,5.357,7.966
sum,mixed,60,16,7.243,5.357,7.970
sum,mixed,60,32,7.243,5.357,9.002
sum,mixed,60,64,7.243,5.357,7.568
sum,mixed,60,128,7.243,5.357,7.402
sum,mixed,60,256,7.243,5.357,7.351
sum,mixed,60,512,7.243,5.357,7.469
sum,mixed,64,2,7.187,5.552,7.066
sum,mixed,64,4,7.187,5.552,7.366
sum,mixed,64,8,7.187,5.552,7.948
sum,mixed,64,16,7.187,5.552,8.094
sum,mixed,64,32,7.187,5.552,9.062
sum,mixed,64,64,7.187,5.552,7.681
sum,mixed,64,128,7.187,5.552,7.481
sum,mixed,64,256,7.187,5.552,7.417
sum,mixed,64,512,7.187,5.552,7.435
sum,mixed,80,2,7.364,5.625,6.970
sum,mixed,80,4,7.364,5.625,7.320
sum,mixed,80,8,7.364,5.625,7.948
sum,mixed,80,16,7.364,5.625,8.033
sum,mixed,80,32,7.364,5.625,8.579
sum,mixed,80,64,7.364,5.625,8.083
sum,mixed,80,128,7.364,5.625,7.638
sum,mixed,80,256,7.364,5.625,7.583
sum,mixed,80,512,7.364,5.625,7.617
sum,mixed,96,2,7.641,5.640,7.192
sum,mixed,96,4,7.641,5.640,7.363
sum,mixed,96,8,7.641,5.640,7.993
sum,mixed,96,16,7.641,5.640,8.172
sum,mixed,96,32,7.641,5.640,8.365
sum,mixed,96,64,7.641,5.640,8.960
sum,mixed,96,128,7.641,5.640,7.895
sum,mixed,96,256,7.641,5.640,7.950
sum,mixed,96,512,7.641,5.640,8.129
sum,mixed,128,2,7.890,5.995,7.550
sum,mixed,128,4,7.890,5.995,7.882
sum,mixed,128,8,7.890,5.995,8.393
sum,mixed,128,16,7.890,5.995,8.769
sum,mixed,128,32,7.890,5.995,9.398
sum,mixed,128,64,7.890,5.995,9.922
sum,mixed,128,128,7.890,5.995,8.250
sum,mixed,128,256,7.890,5.995,8.267
sum,mixed,128,512,7.890,5.995,8.399
sum,mixed,192,2,8.453,5.977,7.552
sum,mixed,192,4,8.453,5.977,7.965
sum,mixed,192,8,8.453,5.977,8.519
sum,mixed,192,16,8.453,5.977,8.744
sum,mixed,192,32,8.453,5.977,9.392
sum,mixed,192,64,8.453,5.977,9.270
sum,mixed,192,128,8.453,5.977,10.028
sum,mixed,192,256,8.453,5.977,8.867
sum,mixed,192,512,8.453,5.977,8.804
sum,mixed,256,2,8.909,6.324,7.888
sum,mixed,256,4,8.909,6.324,8.144
sum,mixed,256,8,8.909,6.324,8.783
sum,mixed,256,16,8.909,6.324,9.526
sum,mixed,256,32,8.909,6.324,10.334
sum,mixed,256,64,8.909,6.324,10.086
sum,mixed,256,128,8.909,6.324,10.644
sum,mixed,256,256,8.909,6.324,9.236
sum,mixed,256,512,8.909,6.324,9.353
sum,mixed,384,2,9.675,6.223,7.823
sum,mixed,384,4,9.675,6.223,8.135
sum,mixed,384,8,9.675,6.223,8.754
sum,mixed,384,16,9.675,6.223,9.294
sum,mixed,384,32,9.675,6.223,10.263
sum,mixed,384,64,9.675,6.223,10.297
sum,mixed,384,128,9.675,6.223,10.037
sum,mixed,384,256,9.675,6.223,10.744
sum,mixed,384,512,9.675,6.223,10.477
sum,mixed,512,2,10.748,6.523,8.133
sum,mixed,512,4,10.748,6.523,8.448
sum,mixed,512,8,10.748,6.523,9.130
sum,mixed,512,16,10.748,6.523,9.538
sum,mixed,512,32,10.748,6.523,10.515
sum,mixed,512,64,10.748,6.523,10.831
sum,mixed,512,128,10.748,6.523,10.689
sum,mixed,512,256,10.748,6.523,11.480
sum,mixed,512,512,10.748,6.523,11.021
sum,mixed,768,2,12.706,6.496,7.915
sum,mixed,768,4,12.706,6.496,8.345
sum,mixed,768,8,12.706,6.496,9.141
sum,mixed,768,16,12.706,6.496,9.586
sum,mixed,768,32,12.706,6.496,10.293
sum,mixed,768,64,12.706,6.496,10.769
sum,mixed,768,128,12.706,6.496,10.694
sum,mixed,768,256,12.706,6.496,10.712
sum,mixed,768,512,12.706,6.496,12.159
sum,mixed,1024,2,16.117,6.738,8.405
sum,mixed,1024,4,16.117,6.738,8.598
sum,mixed,1024,8,16.117,6.738,9.445
sum,mixed,1024,16,16.117,6.738,9.869
sum,mixed,1024,32,16.117,6.738,10.846
sum,mixed,1024,64,16.117,6.738,11.281
sum,mixed,1024,128,16.117,6.738,11.572
sum,mixed,1024,256,16.117,6.738,11.918
sum,mixed,1024,512,16.117,6.738,14.079
sum,mixed,1536,2,21.539,6.684,8.288
sum,mixed,1536,4,21.539,6.684,8.729
sum,mixed,1536,8,21.539,6.684,9.466
sum,mixed,1536,16,21.539,6.684,9.872
sum,mixed,1536,32,21.539,6.684,10.959
sum,mixed,1536,64,21.539,6.684,11.192
sum,mixed,1536,128,21.539,6.684,11.677
sum,mixed,1536,256,21.539,6.684,11.959
sum,mixed,1536,512,21.539,6.684,13.285
sum,mixed,2048,2,22.204,7.146,8.740
sum,mixed,2048,4,22.204,7.146,8.960
sum,mixed,2048,8,22.204,7.146,9.674
sum,mixed,2048,16,22.204,7.146,10.260
sum,mixed,2048,32,22.204,7.146,11.111
sum,mixed,2048,64,22.204,7.146,11.619
sum,mixed,2048,128,22.204,7.146,11.864
sum,mixed,2048,256,22.204,7.146,12.521
sum,mixed,2048,512,22.204,7.146,13.554
sum,mixed,3072,2,28.781,7.060,8.769
sum,mixed,3072,4,28.781,7.060,8.936
sum,mixed,3072,8,28.781,7.060,9.822
sum,mixed,3072,16,28.781,7.060,10.064
sum,mixed,3072,32,28.781,7.060,11.052
sum,mixed,3072,64,28.781,7.060,12.109
sum,mixed,3072,128,28.781,7.060,11.862
sum,mixed,3072,256,28.781,7.060,12.655
sum,mixed,3072,512,28.781,7.060,14.489
sum,mixed,4096,2,48.648,7.244,9.041
sum,mixed,4096,4,48.648,7.244,9.336
sum,mixed,4096,8,48.648,7.244,10.096
sum,mixed,4096,16,48.648,7.244,10.447
sum,mixed,4096,32,48.648,7.244,11.495
sum,mixed,4096,64,48.648,7.244,12.079
sum,mixed,4096,128,48.648,7.244,12.568
sum,mixed,4096,256,48.648,7.244,13.255
sum,mixed,4096,512,48.648,7.244,14.926
sum,mixed,6144,2,70.693,7.251,8.981
sum,mixed,6144,4,70.693,7.251,9.179
sum,mixed,6144,8,70.693,7.251,9.983
sum,mixed,6144,16,70.693,7.251,10.378
sum,mixed,6144,32,70.693,7.251,11.275
sum,mixed,6144,64,70.693,7.251,11.867
sum,mixed,6144,128,70.693,7.251,12.393
sum,mixed,6144,256,70.693,7.251,12.993
sum,mixed,6144,512,70.693,7.251,14.290
sum,mixed,8192,2,114.670,7.498,9.363
sum,mixed,8192,4,114.670,7.498,9.713
sum,mixed,8192,8,114.670,7.498,10.191
sum,mixed,8192,16,114.670,7.498,10.718
sum,mixed,8192,32,114.670,7.498,12.004
sum,mixed,8192,64,114.670,7.498,12.683
sum,mixed,8192,128,114.670,7.498,12.892
sum,mixed,8192,256,114.670,7.498,13.332
sum,mixed,8192,512,114.670,7.498,15.054
sum,mixed,12288,2,127.816,7.511,9.294
sum,mixed,12288,4,127.816,7.511,9.654
sum,mixed,12288,8,127.816,7.511,10.444
sum,mixed,12288,16,127.816,7.511,10.754
sum,mixed,12288,32,127.816,7.511,11.697
sum,mixed,12288,64,127.816,7.511,12.154
sum,mixed,12288,128,127.816,7.511,12.719
sum,mixed,12288,256,127.816,7.511,13.486
sum,mixed,12288,512,127.816,7.511,15.212
sum,mixed,16384,2,178.543,7.807,9.557
sum,mixed,16384,4,178.543,7.807,9.988
sum,mixed,16384,8,178.543,7.807,10.746
sum,mixed,16384,16,178.543,7.807,11.255
sum,mixed,16384,32,178.543,7.807,12.230
sum,mixed,16384,64,178.543,7.807,12.610
sum,mixed,16384,128,178.543,7.807,13.073
sum,mixed,16384,256,178.543,7.807,13.939
sum,mixed,16384,512,178.543,7.807,15.748
sum,mixed,24576,2,270.249,7.866,9.611
sum,mixed,24576,4,270.249,7.866,9.989
sum,mixed,24576,8,270.249,7.866,10.802
sum,mixed,24576,16,270.249,7.866,11.201
sum,mixed,24576,32,270.249,7.866,12.173
sum,mixed,24576,64,270.249,7.866,12.628
sum,mixed,24576,128,270.249,7.866,12.937
sum,mixed,24576,256,270.249,7.866,13.809
sum,mixed,24576,512,270.249,7.866,15.976
sum,mixed,32768,2,577.144,8.252,9.877
sum,mixed,32768,4,577.144,8.252,10.244
sum,mixed,32768,8,577.144,8.252,10.952
sum,mixed,32768,16,577.144,8.252,11.439
sum,mixed,32768,32,577.144,8.252,12.465
sum,mixed,32768,64,577.144,8.252,12.886
sum,mixed,32768,128,577.144,8.252,13.361
sum,mixed,32768,256,577.144,8.252,14.165
sum,mixed,32768,512,577.144,8.252,16.411
sum,mixed,49152,2,861.339,8.209,9.929
sum,mixed,49152,4,861.339,8.209,10.247
sum,mixed,49152,8,861.339,8.209,10.982
sum,mixed,49152,16,861.339,8.209,11.303
sum,mixed,49152,32,861.339,8.209,12.488
sum,mixed,49152,64,861.339,8.209,12.804
sum,mixed,49152,128,861.339,8.209,13.596
sum,mixed,49152,256,861.339,8.209,14.382
sum,mixed,49152,512,861.339,8.209,17.086
sum,mixed,65536,2,1307.635,9.533,11.642
sum,mixed,65536,4,1307.635,9.533,12.195
sum,mixed,65536,8,1307.635,9.533,12.825
sum,mixed,65536,16,1307.635,9.533,13.409
sum,mixed,65536,32,1307.635,9.533,12.080
sum,mixed,65536,64,1307.635,9.533,13.839
sum,mixed,65536,128,1307.635,9.533,15.818
sum,mixed,65536,256,1307.635,9.533,16.958
sum,mixed,65536,512,1307.635,9.533,20.655
sum,mixed,98304,2,2032.060,10.023,12.067
sum,mixed,98304,4,2032.060,10.023,12.531
sum,mixed,98304,8,2032.060,10.023,13.238
sum,mixed,98304,16,2032.060,10.023,13.946
sum,mixed,98304,32,2032.060,10.023,15.205
sum,mixed,98304,64,2032.060,10.023,15.868
sum,mixed,98304,128,2032.060,10.023,16.287
sum,mixed,98304,256,2032.060,10.023,17.544
sum,mixed,98304,512,2032.060,10.023,19.356
sum,mixed,131072,2,2758.287,10.449,12.381
sum,mixed,131072,4,2758.287,10.449,13.044
sum,mixed,131072,8,2758.287,10.449,13.959
sum,mixed,131072,16,2758.287,10.449,14.386
sum,mixed,131072,32,2758.287,10.449,13.775
sum,mixed,131072,64,2758.287,10.449,14.178
sum,mixed,131072,128,2758.287,10.449,14.499
sum,mixed,131072,256,2758.287,10.449,15.517
sum,mixed,131072,512,2758.287,10.449,18.632
sum,mixed,196608,2,3537.637,8.985,10.603
sum,mixed,196608,4,3537.637,8.985,10.705
sum,mixed,196608,8,3537.637,8.985,11.612
sum,mixed,196608,16,3537.637,8.985,12.177
sum,mixed,196608,32,3537.637,8.985,13.063
sum,mixed,196608,64,3537.637,8.985,13.586
sum,mixed,196608,128,3537.637,8.985,13.855
sum,mixed,196608,256,3537.637,8.985,15.134
sum,mixed,196608,512,3537.637,8.985,18.135
sum,mixed,262144,2,5349.320,9.634,10.692
sum,mixed,262144,4,5349.320,9.634,11.145
sum,mixed,262144,8,5349.320,9.634,11.879
sum,mixed,262144,16,5349.320,9.634,12.408
sum,mixed,262144,32,5349.320,9.634,13.297
sum,mixed,262144,64,5349.320,9.634,14.010
sum,mixed,262144,128,5349.320,9.634,14.365
sum,mixed,262144,256,5349.320,9.634,15.535
sum,mixed,262144,512,5349.320,9.634,18.484
sum,mixed,393216,2,8567.366,12.798,12.823
sum,mixed,393216,4,8567.366,12.798,11.105
sum,mixed,393216,8,8567.366,12.798,11.849
sum,mixed,393216,16,8567.366,12.798,12.343
sum,mixed,393216,32,8567.366,12.798,13.226
sum,mixed,393216,64,8567.366,12.798,13.767
sum,mixed,393216,128,8567.366,12.798,14.253
sum,mixed,393216,256,8567.366,12.798,15.867
sum,mixed,393216,512,8567.366,12.798,19.844
sum,mixed,524288,2,11495.504,16.045,12.120
sum,mixed,524288,4,11495.504,16.045,13.290
sum,mixed,524288,8,11495.504,16.045,12.196
sum,mixed,524288,16,11495.504,16.045,12.636
sum,mixed,524288,32,11495.504,16.045,13.784
sum,mixed,524288,64,11495.504,16.045,14.463
sum,mixed,524288,128,11495.504,16.045,14.918
sum,mixed,524288,256,11495.504,16.045,17.056
sum,mixed,524288,512,11495.504,16.045,21.912
sum,mixed,786432,2,21061.051,21.384,17.099
sum,mixed,786432,4,21061.051,21.384,11.915
sum,mixed,786432,8,21061.051,21.384,12.314
sum,mixed,786432,16,21061.051,21.384,12.833
sum,mixed,786432,32,21061.051,21.384,13.734
sum,mixed,786432,64,21061.051,21.384,14.325
sum,mixed,786432,128,21061.051,21.384,14.877
sum,mixed,786432,256,21061.051,21.384,17.390
sum,mixed,786432,512,21061.051,21.384,24.918
sum,mixed,1048576,2,29980.637,25.202,22.067
sum,mixed,1048576,4,29980.637,25.202,14.580
sum,mixed,1048576,8,29980.637,25.202,12.839
sum,mixed,1048576,16,29980.637,25.202,13.001
sum,mixed,1048576,32,29980.637,25.202,13.959
sum,mixed,1048576,64,29980.637,25.202,14.419
sum,mixed,1048576,128,29980.637,25.202,15.046
sum,mixed,1048576,256,29980.637,25.202,17.954
sum,mixed,1048576,512,29980.637,25.202,23.614
sum,mixed_25,4,2,4.607,2.599,6.042
sum,mixed_25,4,4,4.607,2.599,5.112
sum,mixed_25,4,8,4.607,2.599,5.023
sum,mixed_25,4,16,4.607,2.599,5.070
sum,mixed_25,4,32,4.607,2.599,5.131
sum,mixed_25,4,64,4.607,2.599,5.038
sum,mixed_25,4,128,4.607,2.599,5.036
sum,mixed_25,4,256,4.607,2.599,5.016
sum,mixed_25,4,512,4.607,2.599,5.093
sum,mixed_25,8,2,6.903,4.229,6.407
sum,mixed_25,8,4,6.903,4.229,7.667
sum,mixed_25,8,8,6.903,4.229,6.989
sum,mixed_25,8,16,6.903,4.229,6.970
sum,mixed_25,8,32,6.903,4.229,6.955
sum,mixed_25,8,64,6.903,4.229,7.034
sum,mixed_25,8,128,6.903,4.229,7.013
sum,mixed_25,8,256,6.903,4.229,6.976
sum,mixed_25,8,512,6.903,4.229,6.996
sum,mixed_25,12,2,8.060,4.017,6.384
sum,mixed_25,12,4,8.060,4.017,7.014
sum,mixed_25,12,8,8.060,4.017,8.292
sum,mixed_25,12,16,8.060,4.017,8.068
sum,mixed_25,12,32,8.060,4.017,8.013
sum,mixed_25,12,64,8.060,4.017,7.974
sum,mixed_25,12,128,8.060,4.017,7.848
sum,mixed_25,12,256,8.060,4.017,7.977
sum,mixed_25,12,512,8.060,4.017,7.976
sum,mixed_25,16,2,8.415,4.986,7.258
sum,mixed_25,16,4,8.415,4.986,8.161
sum,mixed_25,16,8,8.415,4.986,9.534
sum,mixed_25,16,16,8.415,4.986,8.433
sum,mixed_25,16,32,8.415,4.986,8.362
sum,mixed_25,16,64,8.415,4.986,8.455
sum,mixed_25,16,128,8.415,4.986,8.263
sum,mixed_25,16,256,8.415,4.986,8.415
sum,mixed_25,16,512,8.415,4.986,8.590
sum,mixed_25,20,2,8.842,4.620,7.017
sum,mixed_25,20,4,8.842,4.620,7.799
sum,mixed_25,20,8,8.842,4.620,9.464
sum,mixed_25,20,16,8.842,4.620,8.842
sum,mixed_25,20,32,8.842,4.620,9.071
sum,mixed_25,20,64,8.842,4.620,9.107
sum,mixed_25,20,128,8.842,4.620,9.063
sum,mixed_25,20,256,8.842,4.620,8.899
sum,mixed_25,20,512,8.842,4.620,9.085
sum,mixed_25,24,2,9.832,4.917,6.978
sum,mixed_25,24,4,9.832,4.917,8.049
sum,mixed_25,24,8,9.832,4.917,8.738
sum,mixed_25,24,16,9.832,4.917,9.493
sum,mixed_25,24,32,9.832,4.917,9.822
sum,mixed_25,24,64,9.832,4.917,9.654
sum,mixed_25,24,128,9.832,4.917,9.865
sum,mixed_25,24,256,9.832,4.917,9.889
sum,mixed_25,24,512,9.832,4.917,9.849
sum,mixed_25,28,2,10.170,4.929,6.932
sum,mixed_25,28,4,10.170,4.929,8.299
sum,mixed_25,28,8,10.170,4.929,9.116
sum,mixed_25,28,16,10.170,4.929,10.420
sum,mixed_25,28,32,10.170,4.929,10.132
sum,mixed_25,28,64,10.170,4.929,10.259
sum,mixed_25,28,128,10.170,4.929,10.182
sum,mixed_25,28,256,10.170,4.929,10.225
sum,mixed_25,28,512,10.170,4.929,10.310
sum,mixed_25,32,2,10.212,5.279,7.521
sum,mixed_25,32,4,10.212,5.279,8.741
sum,mixed_25,32,8,10.212,5.279,9.788
sum,mixed_25,32,16,10.212,5.279,10.720
sum,mixed_25,32,32,10.212,5.279,10.392
sum,mixed_25,32,64,10.212,5.279,10.395
sum,mixed_25,32,128,10.212,5.279,10.419
sum,mixed_25,32,256,10.212,5.279,10.329
sum,mixed_25,32,512,10.212,5.279,10.372
sum,mixed_25,36,2,10.219,5.312,7.392
sum,mixed_25,36,4,10.219,5.312,8.817
sum,mixed_25,36,8,10.219,5.312,9.724
sum,mixed_25,36,16,10.219,5.312,10.671
sum,mixed_25,36,32,10.219,5.312,10.337
sum,mixed_25,36,64,10.219,5.312,10.441
sum,mixed_25,36,128,10.219,5.312,10.496
sum,mixed_25,36,256,10.219,5.312,10.497
sum,mixed_25,36,512,10.219,5.312,10.414
sum,mixed_25,40,2,10.621,5.230,7.377
sum,mixed_25,40,4,10.621,5.230,8.586
sum,mixed_25,40,8,10.621,5.230,9.393
sum,mixed_25,40,16,10.621,5.230,10.485
sum,mixed_25,40,32,10.621,5.230,10.771
sum,mixed_25,40,64,10.621,5.230,10.777
sum,mixed_25,40,128,10.621,5.230,10.590
sum,mixed_25,40,256,10.621,5.230,10.680
sum,mixed_25,40,512,10.621,5.230,10.597
sum,mixed_25,44,2,10.766,5.157,7.259
sum,mixed_25,44,4,10.766,5.157,8.633
sum,mixed_25,44,8,10.766,5.157,9.657
sum,mixed_25,44,16,10.766,5.157,10.194
sum,mixed_25,44,32,10.766,5.157,10.993
sum,mixed_25,44,64,10.766,5.157,11.139
sum,mixed_25,44,128,10.766,5.157,10.912
sum,mixed_25,44,256,10.766,5.157,10.931
sum,mixed_25,44,512,10.766,5.157,11.070
sum,mixed_25,48,2,11.011,5.257,7.511
sum,mixed_25,48,4,11.011,5.257,8.567
sum,mixed_25,48,8,11.011,5.257,9.855
sum,mixed_25,48,16,11.011,5.257,10.009
sum,mixed_25,48,32,11.011,5.257,11.410
sum,mixed_25,48,64,11.011,5.257,11.094
sum,mixed_25,48,128,11.011,5.257,11.182
sum,mixed_25,48,256,11.011,5.257,11.131
sum,mixed_25,48,512,11.011,5.257,11.178
sum,mixed_25,52,2,10.941,5.193,7.455
sum,mixed_25,52,4,10.941,5.193,8.377
sum,mixed_25,52,8,10.941,5.193,9.998
sum,mixed_25,52,16,10.941,5.193,10.346
sum,mixed_25,52,32,10.941,5.193,11.792
sum,mixed_25,52,64,10.941,5.193,11.235
sum,mixed_25,52,128,10.941,5.193,11.147
sum,mixed_25,52,256,10.941,5.193,11.246
sum,mixed_25,52,512,10.941,5.193,11.176
sum,mixed_25,56,2,11.278,5.345,7.646
sum,mixed_25,56,4,11.278,5.345,8.542
sum,mixed_25,56,8,11.278,5.345,10.222
sum,mixed_25,56,16,11.278,5.345,10.615
sum,mixed_25,56,32,11.278,5.345,12.229
sum,mixed_25,56,64,11.278,5.345,11.395
sum,mixed_25,56,128,11.278,5.345,11.402
sum,mixed_25,56,256,11.278,5.345,11.389
sum,mixed_25,56,512,11.278,5.345,11.425
sum,mixed_25,60,2,11.352,5.325,7.559
sum,mixed_25,60,4,11.352,5.325,8.737
sum,mixed_25,60,8,11.352,5.325,10.269
sum,mixed_25,60,16,11.352,5.325,10.875
sum,mixed_25,60,32,11.352,5.325,12.626
sum,mixed_25,60,64,11.352,5.325,11.561
sum,mixed_25,60,128,11.352,5.325,11.473
sum,mixed_25,60,256,11.352,5.325,11.598
sum,mixed_25,60,512,11.352,5.325,11.535
sum,mixed_25,64,2,11.431,5.674,7.829
sum,mixed_25,64,4,11.431,5.674,9.203
sum,mixed_25,64,8,11.431,5.674,10.483
sum,mixed_25,64,16,11.431,5.674,11.044
sum,mixed_25,64,32,11.431,5.674,12.673
sum,mixed_25,64,64,11.431,5.674,11.764
sum,mixed_25,64,128,11.431,5.674,11.628
sum,mixed_25,64,256,11.431,5.674,11.651
sum,mixed_25,64,512,11.431,5.674,11.507
sum,mixed_25,80,2,11.742,5.525,7.889
sum,mixed_25,80,4,11.742,5.525,9.083
sum,mixed_25,80,8,11.742,5.525,10.442
sum,mixed_25,80,16,11.742,5.525,10.851
sum,mixed_25,80,32,11.742,5.525,12.349
sum,mixed_25,80,64,11.742,5.525,11.947
sum,mixed_25,80,128,11.742,5.525,11.858
sum,mixed_25,80,256,11.742,5.525,11.998
sum,mixed_25,80,512,11.742,5.525,11.878
sum,mixed_25,96,2,11.892,5.484,7.895
sum,mixed_25,96,4,11.892,5.484,9.154
sum,mixed_25,96,8,11.892,5.484,10.349
sum,mixed_25,96,16,11.892,5.484,11.013
sum,mixed_25,96,32,11.892,5.484,12.044
sum,mixed_25,96,64,11.892,5.484,12.700
sum,mixed_25,96,128,11.892,5.484,12.196
sum,mixed_25,96,256,11.892,5.484,12.311
sum,mixed_25,96,512,11.892,5.484,12.102
sum,mixed_25,128,2,12.350,5.915,8.312
sum,mixed_25,128,4,12.350,5.915,9.495
sum,mixed_25,128,8,12.350,5.915,10.994
sum,mixed_25,128,16,12.350,5.915,12.191
sum,mixed_25,128,32,12.350,5.915,13.260
sum,mixed_25,128,64,12.350,5.915,14.099
sum,mixed_25,128,128,12.350,5.915,12.779
sum,mixed_25,128,256,12.350,5.915,12.821
sum,mixed_25,128,512,12.350,5.915,12.734
sum,mixed_25,192,2,13.149,5.894,8.357
sum,mixed_25,192,4,13.149,5.894,9.537
sum,mixed_25,192,8,13.149,5.894,10.887
sum,mixed_25,192,16,13.149,5.894,11.484
sum,mixed_25,192,32,13.149,5.894,12.908
sum,mixed_25,192,64,13.149,5.894,13.335
sum,mixed_25,192,128,13.149,5.894,14.060
sum,mixed_25,192,256,13.149,5.894,13.674
sum,mixed_25,192,512,13.149,5.894,13.570
sum,mixed_25,256,2,13.765,6.142,8.651
sum,mixed_25,256,4,13.765,6.142,9.948
sum,mixed_25,256,8,13.765,6.142,11.192
sum,mixed_25,256,16,13.765,6.142,12.058
sum,mixed_25,256,32,13.765,6.142,13.737
sum,mixed_25,256,64,13.765,6.142,14.138
sum,mixed_25,256,128,13.765,6.142,14.875
sum,mixed_25,256,256,13.765,6.142,14.207
sum,mixed_25,256,512,13.765,6.142,14.218
sum,mixed_25,384,2,15.230,6.206,8.733
sum,mixed_25,384,4,15.230,6.206,9.906
sum,mixed_25,384,8,15.230,6.206,11.085
sum,mixed_25,384,16,15.230,6.206,12.070
sum,mixed_25,384,32,15.230,6.206,13.648
sum,mixed_25,384,64,15.230,6.206,14.239
sum,mixed_25,384,128,15.230,6.206,14.214
sum,mixed_25,384,256,15.230,6.206,15.221
sum,mixed_25,384,512,15.230,6.206,15.722
sum,mixed_25,512,2,17.338,6.559,8.893
sum,mixed_25,512,4,17.338,6.559,10.199
sum,mixed_25,512,8,17.338,6.559,11.440
sum,mixed_25,512,16,17.338,6.559,12.320
sum,mixed_25,512,32,17.338,6.559,14.116
sum,mixed_25,512,64,17.338,6.559,14.921
sum,mixed_25,512,128,17.338,6.559,15.127
sum,mixed_25,512,256,17.338,6.559,16.607
sum,mixed_25,512,512,17.338,6.559,17.780
sum,mixed_25,768,2,20.807,6.559,8.731
sum,mixed_25,768,4,20.807,6.559,10.027
sum,mixed_25,768,8,20.807,6.559,11.348
sum,mixed_25,768,16,20.807,6.559,12.250
sum,mixed_25,768,32,20.807,6.559,14.037
sum,mixed_25,768,64,20.807,6.559,14.897
sum,mixed_25,768,128,20.807,6.559,15.124
sum,mixed_25,768,256,20.807,6.559,15.959
sum,mixed_25,768,512,20.807,6.559,18.210
sum,mixed_25,1024,2,24.884,6.920,9.111
sum,mixed_25,1024,4,24.884,6.920,10.330
sum,mixed_25,1024,8,24.884,6.920,11.630
sum,mixed_25,1024,16,24.884,6.920,12.646
sum,mixed_25,1024,32,24.884,6.920,14.459
sum,mixed_25,1024,64,24.884,6.920,15.191
sum,mixed_25,1024,128,24.884,6.920,15.828
sum,mixed_25,1024,256,24.884,6.920,16.575
sum,mixed_25,1024,512,24.884,6.920,19.269
sum,mixed_25,1536,2,32.923,6.910,9.199
sum,mixed_25,1536,4,32.923,6.910,10.331
sum,mixed_25,1536,8,32.923,6.910,11.736
sum,mixed_25,1536,16,32.923,6.910,12.553
sum,mixed_25,1536,32,32.923,6.910,14.254
sum,mixed_25,1536,64,32.923,6.910,15.247
sum,mixed_25,1536,128,32.923,6.910,15.766
sum,mixed_25,1536,256,32.923,6.910,16.900
sum,mixed_25,1536,512,32.923,6.910,19.495
sum,mixed_25,2048,2,32.830,7.269,9.337
sum,mixed_25,2048,4,32.830,7.269,10.482
sum,mixed_25,2048,8,32.830,7.269,11.729
sum,mixed_25,2048,16,32.830,7.269,12.846
sum,mixed_25,2048,32,32.830,7.269,14.440
sum,mixed_25,2048,64,32.830,7.269,15.327
sum,mixed_25,2048,128,32.830,7.269,16.297
sum,mixed_25,2048,256,32.830,7.269,17.357
sum,mixed_25,2048,512,32.830,7.269,19.483
sum,mixed_25,3072,2,44.200,7.258,9.292
sum,mixed_25,3072,4,44.200,7.258,10.659
sum,mixed_25,3072,8,44.200,7.258,11.941
sum,mixed_25,3072,16,44.200,7.258,12.993
sum,mixed_25,3072,32,44.200,7.258,14.627
sum,mixed_25,3072,64,44.200,7.258,15.426
sum,mixed_25,3072,128,44.200,7.258,16.199
sum,mixed_25,3072,256,44.200,7.258,17.356
sum,mixed_25,3072,512,44.200,7.258,19.343
sum,mixed_25,4096,2,73.047,7.534,9.732
sum,mixed_25,4096,4,73.047,7.534,11.034
sum,mixed_25,4096,8,73.047,7.534,12.286
sum,mixed_25,4096,16,73.047,7.534,13.125
sum,mixed_25,4096,32,73.047,7.534,14.789
sum,mixed_25,4096,64,73.047,7.534,15.887
sum,mixed_25,4096,128,73.047,7.534,16.634
sum,mixed_25,4096,256,73.047,7.534,18.069
sum,mixed_25,4096,512,73.047,7.534,21.040
sum,mixed_25,6144,2,106.159,7.472,9.755
sum,mixed_25,6144,4,106.159,7.472,11.133
sum,mixed_25,6144,8,106.159,7.472,12.245
sum,mixed_25,6144,16,106.159,7.472,13.125
sum,mixed_25,6144,32,106.159,7.472,14.807
sum,mixed_25,6144,64,106.159,7.472,15.810
sum,mixed_25,6144,128,106.159,7.472,16.493
sum,mixed_25,6144,256,106.159,7.472,18.093
sum,mixed_25,6144,512,106.159,7.472,20.931
sum,mixed_25,8192,2,169.837,7.793,10.110
sum,mixed_25,8192,4,169.837,7.793,11.407
sum,mixed_25,8192,8,169.837,7.793,12.712
sum,mixed_25,8192,16,169.837,7.793,13.648
sum,mixed_25,8192,32,169.837,7.793,15.229
sum,mixed_25,8192,64,169.837,7.793,16.169
sum,mixed_25,8192,128,169.837,7.793,16.822
sum,mixed_25,8192,256,169.837,7.793,18.359
sum,mixed_25,8192,512,169.837,7.793,21.924
sum,mixed_25,12288,2,191.870,8.011,10.149
sum,mixed_25,12288,4,191.870,8.011,11.421
sum,mixed_25,12288,8,191.870,8.011,12.648
sum,mixed_25,12288,16,191.870,8.011,13.634
sum,mixed_25,12288,32,191.870,8.011,15.035
sum,mixed_25,12288,64,191.870,8.011,16.088
sum,mixed_25,12288,128,191.870,8.011,16.932
sum,mixed_25,12288,256,191.870,8.011,18.301
sum,mixed_25,12288,512,191.870,8.011,21.326
sum,mixed_25,16384,2,259.403,8.230,10.481
sum,mixed_25,16384,4,259.403,8.230,11.638
sum,mixed_25,16384,8,259.403,8.230,12.922
sum,mixed_25,16384,16,259.403,8.230,13.766
sum,mixed_25,16384,32,259.403,8.230,15.511
sum,mixed_25,16384,64,259.403,8.230,16.361
sum,mixed_25,16384,128,259.403,8.230,17.016
sum,mixed_25,16384,256,259.403,8.230,18.855
sum,mixed_25,16384,512,259.403,8.230,21.781
sum,mixed_25,24576,2,396.543,8.231,10.616
sum,mixed_25,24576,4,396.543,8.231,11.665
sum,mixed_25,24576,8,396.543,8.231,12.941
sum,mixed_25,24576,16,396.543,8.231,13.859
sum,mixed_25,24576,32,396.543,8.231,15.494
sum,mixed_25,24576,64,396.543,8.231,16.540
sum,mixed_25,24576,128,396.543,8.231,17.244
sum,mixed_25,24576,256,396.543,8.231,18.874
sum,mixed_25,24576,512,396.543,8.231,23.121
sum,mixed_25,32768,2,846.069,8.560,10.834
sum,mixed_25,32768,4,846.069,8.560,11.878
sum,mixed_25,32768,8,846.069,8.560,13.296
sum,mixed_25,32768,16,846.069,8.560,13.983
sum,mixed_25,32768,32,846.069,8.560,15.667
sum,mixed_25,32768,64,846.069,8.560,16.771
sum,mixed_25,32768,128,846.069,8.560,17.640
sum,mixed_25,32768,256,846.069,8.560,19.321
sum,mixed_25,32768,512,846.069,8.560,23.878
sum,mixed_25,49152,2,1275.620,8.691,10.767
sum,mixed_25,49152,4,1275.620,8.691,11.886
sum,mixed_25,49152,8,1275.620,8.691,13.234
sum,mixed_25,49152,16,1275.620,8.691,14.062
sum,mixed_25,49152,32,1275.620,8.691,15.767
sum,mixed_25,49152,64,1275.620,8.691,16.843
sum,mixed_25,49152,128,1275.620,8.691,17.482
sum,mixed_25,49152,256,1275.620,8.691,19.205
sum,mixed_25,49152,512,1275.620,8.691,24.024
sum,mixed_25,65536,2,1717.280,8.875,11.106
sum,mixed_25,65536,4,1717.280,8.875,12.223
sum,mixed_25,65536,8,1717.280,8.875,13.476
sum,mixed_25,65536,16,1717.280,8.875,14.376
sum,mixed_25,65536,32,1717.280,8.875,16.054
sum,mixed_25,65536,64,1717.280,8.875,17.134
sum,mixed_25,65536,128,1717.280,8.875,18.040
sum,mixed_25,65536,256,1717.280,8.875,19.691
sum,mixed_25,65536,512,1717.280,8.875,24.823
sum,mixed_25,98304,2,2580.925,9.200,11.196
sum,mixed_25,98304,4,2580.925,9.200,12.253
sum,mixed_25,98304,8,2580.925,9.200,13.666
sum,mixed_25,98304,16,2580.925,9.200,14.375
sum,mixed_25,98304,32,2580.925,9.200,16.071
sum,mixed_25,98304,64,2580.925,9.200,16.997
sum,mixed_25,98304,128,2580.925,9.200,17.951
sum,mixed_25,98304,256,2580.925,9.200,19.393
sum,mixed_25,98304,512,2580.925,9.200,22.968
sum,mixed_25,131072,2,3424.866,9.295,11.480
sum,mixed_25,131072,4,3424.866,9.295,12.437
sum,mixed_25,131072,8,3424.866,9.295,13.778
sum,mixed_25,131072,16,3424.866,9.295,14.551
sum,mixed_25,131072,32,3424.866,9.295,16.217
sum,mixed_25,131072,64,3424.866,9.295,17.231
sum,mixed_25,131072,128,3424.866,9.295,17.997
sum,mixed_25,131072,256,3424.866,9.295,19.687
sum,mixed_25,131072,512,3424.866,9.295,23.356
sum,mixed_25,196608,2,5139.370,9.420,11.538
sum,mixed_25,196608,4,5139.370,9.420,12.523
sum,mixed_25,196608,8,5139.370,9.420,13.807
sum,mixed_25,196608,16,5139.370,9.420,14.817
sum,mixed_25,196608,32,5139.370,9.420,16.497
sum,mixed_25,196608,64,5139.370,9.420,17.646
sum,mixed_25,196608,128,5139.370,9.420,18.298
sum,mixed_25,196608,256,5139.370,9.420,20.121
sum,mixed_25,196608,512,5139.370,9.420,24.901
sum,mixed_25,262144,2,7401.572,9.922,11.806
sum,mixed_25,262144,4,7401.572,9.922,12.829
sum,mixed_25,262144,8,7401.572,9.922,14.063
sum,mixed_25,262144,16,7401.572,9.922,14.829
sum,mixed_25,262144,32,7401.572,9.922,16.762
sum,mixed_25,262144,64,7401.572,9.922,17.743
sum,mixed_25,262144,128,7401.572,9.922,18.700
sum,mixed_25,262144,256,7401.572,9.922,20.210
sum,mixed_25,262144,512,7401.572,9.922,24.105
sum,mixed_25,393216,2,11173.523,13.176,11.896
sum,mixed_25,393216,4,11173.523,13.176,12.896
sum,mixed_25,393216,8,11173.523,13.176,14.533
sum,mixed_25,393216,16,11173.523,13.176,15.205
sum,mixed_25,393216,32,11173.523,13.176,17.069
sum,mixed_25,393216,64,11173.523,13.176,17.955
sum,mixed_25,393216,128,11173.523,13.176,18.761
sum,mixed_25,393216,256,11173.523,13.176,22.025
sum,mixed_25,393216,512,11173.523,13.176,29.333
sum,mixed_25,524288,2,19239.574,13.674,13.053
sum,mixed_25,524288,4,19239.574,13.674,13.119
sum,mixed_25,524288,8,19239.574,13.674,14.391
sum,mixed_25,524288,16,19239.574,13.674,15.131
sum,mixed_25,524288,32,19239.574,13.674,16.768
sum,mixed_25,524288,64,19239.574,13.674,17.903
sum,mixed_25,524288,128,19239.574,13.674,18.550
sum,mixed_25,524288,256,19239.574,13.674,21.366
sum,mixed_25,524288,512,19239.574,13.674,28.790
sum,mixed_25,786432,2,31792.176,20.195,14.152
sum,mixed_25,786432,4,31792.176,20.195,13.063
sum,mixed_25,786432,8,31792.176,20.195,14.325
sum,mixed_25,786432,16,31792.176,20.195,15.169
sum,mixed_25,786432,32,31792.176,20.195,16.741
sum,mixed_25,786432,64,31792.176,20.195,17.720
sum,mixed_25,786432,128,31792.176,20.195,18.656
sum,mixed_25,786432,256,31792.176,20.195,22.162
sum,mixed_25,786432,512,31792.176,20.195,30.047
sum,mixed_25,1048576,2,43336.891,20.204,19.834
sum,mixed_25,1048576,4,43336.891,20.204,13.456
sum,mixed_25,1048576,8,43336.891,20.204,14.585
sum,mixed_25,1048576,16,43336.891,20.204,15.352
sum,mixed_25,1048576,32,43336.891,20.204,17.178
sum,mixed_25,1048576,64,43336.891,20.204,18.414
sum,mixed_25,1048576,128,43336.891,20.204,19.237
sum,mixed_25,1048576,256,43336.891,20.204,23.633
sum,mixed_25,1048576,512,43336.891,20.204,34.458
sum,mixed_75,4,2,2.055,3.422,4.685
sum,mixed_75,4,4,2.055,3.422,2.473
sum,mixed_75,4,8,2.055,3.422,2.485
sum,mixed_75,4,16,2.055,3.422,2.505
sum,mixed_75,4,32,2.055,3.422,2.495
sum,mixed_75,4,64,2.055,3.422,2.474
sum,mixed_75,4,128,2.055,3.422,2.489
sum,mixed_75,4,256,2.055,3.422,2.520
sum,mixed_75,4,512,2.055,3.422,2.513
sum,mixed_75,8,2,2.564,4.517,5.016
sum,mixed_75,8,4,2.564,4.517,4.935
sum,mixed_75,8,8,2.564,4.517,3.105
sum,mixed_75,8,16,2.564,4.517,3.084
sum,mixed_75,8,32,2.564,4.517,3.085
sum,mixed_75,8,64,2.564,4.517,3.061
sum,mixed_75,8,128,2.564,4.517,3.088
sum,mixed_75,8,256,2.564,4.517,3.076
sum,mixed_75,8,512,2.564,4.517,3.061
sum,mixed_75,12,2,2.846,4.397,5.059
sum,mixed_75,12,4,2.846,4.397,4.180
sum,mixed_75,12,8,2.846,4.397,4.612
sum,mixed_75,12,16,2.846,4.397,3.285
sum,mixed_75,12,32,2.846,4.397,3.333
sum,mixed_75,12,64,2.846,4.397,3.294
sum,mixed_75,12,128,2.846,4.397,3.294
sum,mixed_75,12,256,2.846,4.397,3.290
sum,mixed_75,12,512,2.846,4.397,3.283
sum,mixed_75,16,2,2.978,5.000,5.779
sum,mixed_75,16,4,2.978,5.000,5.231
sum,mixed_75,16,8,2.978,5.000,5.309
sum,mixed_75,16,16,2.978,5.000,3.506
sum,mixed_75,16,32,2.978,5.000,3.510
sum,mixed_75,16,64,2.978,5.000,3.503
sum,mixed_75,16,128,2.978,5.000,3.490
sum,mixed_75,16,256,2.978,5.000,3.506
sum,mixed_75,16,512,2.978,5.000,3.512
sum,mixed_75,20,2,3.238,4.886,6.009
sum,mixed_75,20,4,3.238,4.886,5.415
sum,mixed_75,20,8,3.238,4.886,5.147
sum,mixed_75,20,16,3.238,4.886,4.384
sum,mixed_75,20,32,3.238,4.886,3.697
sum,mixed_75,20,64,3.238,4.886,3.706
sum,mixed_75,20,128,3.238,4.886,3.697
sum,mixed_75,20,256,3.238,4.886,3.782
sum,mixed_75,20,512,3.238,4.886,3.704
sum,mixed_75,24,2,3.459,4.919,5.765
sum,mixed_75,24,4,3.459,4.919,5.182
sum,mixed_75,24,8,3.459,4.919,4.711
sum,mixed_75,24,16,3.459,4.919,4.999
sum,mixed_75,24,32,3.459,4.919,3.948
sum,mixed_75,24,64,3.459,4.919,4.002
sum,mixed_75,24,128,3.459,4.919,4.026
sum,mixed_75,24,256,3.459,4.919,3.978
sum,mixed_75,24,512,3.459,4.919,3.996
sum,mixed_75,28,2,3.602,4.905,5.686
sum,mixed_75,28,4,3.602,4.905,5.462
sum,mixed_75,28,8,3.602,4.905,5.275
sum,mixed_75,28,16,3.602,4.905,5.613
sum,mixed_75,28,32,3.602,4.905,4.068
sum,mixed_75,28,64,3.602,4.905,4.027
sum,mixed_75,28,128,3.602,4.905,4.115
sum,mixed_75,28,256,3.602,4.905,4.052
sum,mixed_75,28,512,3.602,4.905,4.044
sum,mixed_75,32,2,3.607,5.498,6.348
sum,mixed_75,32,4,3.607,5.498,6.095
sum,mixed_75,32,8,3.607,5.498,5.650
sum,mixed_75,32,16,3.607,5.498,5.992
sum,mixed_75,32,32,3.607,5.498,4.177
sum,mixed_75,32,64,3.607,5.498,4.050
sum,mixed_75,32,128,3.607,5.498,4.077
sum,mixed_75,32,256,3.607,5.498,4.052
sum,mixed_75,32,512,3.607,5.498,4.146
sum,mixed_75,36,2,3.708,5.615,6.345
sum,mixed_75,36,4,3.708,5.615,6.222
sum,mixed_75,36,8,3.708,5.615,5.789
sum,mixed_75,36,16,3.708,5.615,5.641
sum,mixed_75,36,32,3.708,5.615,4.555
sum,mixed_75,36,64,3.708,5.615,4.134
sum,mixed_75,36,128,3.708,5.615,4.211
sum,mixed_75,36,256,3.708,5.615,4.193
sum,mixed_75,36,512,3.708,5.615,4.206
sum,mixed_75,40,2,3.792,5.545,6.269
sum,mixed_75,40,4,3.792,5.545,6.231
sum,mixed_75,40,8,3.792,5.545,5.935
sum,mixed_75,40,16,3.792,5.545,5.507
sum,mixed_75,40,32,3.792,5.545,4.910
sum,mixed_75,40,64,3.792,5.545,4.233
sum,mixed_75,40,128,3.792,5.545,4.229
sum,mixed_75,40,256,3.792,5.545,4.216
sum,mixed_75,40,512,3.792,5.545,4.267
sum,mixed_75,44,2,3.907,5.499,6.332
sum,mixed_75,44,4,3.907,5.499,6.006
sum,mixed_75,44,8,3.907,5.499,5.357
sum,mixed_75,44,16,3.907,5.499,5.287
sum,mixed_75,44,32,3.907,5.499,5.311
sum,mixed_75,44,64,3.907,5.499,4.270
sum,mixed_75,44,128,3.907,5.499,4.312
sum,mixed_75,44,256,3.907,5.499,4.402
sum,mixed_75,44,512,3.907,5.499,4.333
sum,mixed_75,48,2,3.961,5.491,6.206
sum,mixed_75,48,4,3.961,5.491,5.956
sum,mixed_75,48,8,3.961,5.491,5.605
sum,mixed_75,48,16,3.961,5.491,5.169
sum,mixed_75,48,32,3.961,5.491,5.730
sum,mixed_75,48,64,3.961,5.491,4.423
sum,mixed_75,48,128,3.961,5.491,4.319
sum,mixed_75,48,256,3.961,5.491,4.387
sum,mixed_75,48,512,3.961,5.491,4.342
sum,mixed_75,52,2,3.915,5.526,6.282
sum,mixed_75,52,4,3.915,5.526,6.063
sum,mixed_75,52,8,3.915,5.526,5.885
sum,mixed_75,52,16,3.915,5.526,5.455
sum,mixed_75,52,32,3.915,5.526,6.062
sum,mixed_75,52,64,3.915,5.526,4.388
sum,mixed_75,52,128,3.915,5.526,4.352
sum,mixed_75,52,256,3.915,5.526,4.384
sum,mixed_75,52,512,3.915,5.526,4.404
sum,mixed_75,56,2,4.056,5.489,6.293
sum,mixed_75,56,4,4.056,5.489,5.974
sum,mixed_75,56,8,4.056,5.489,5.913
sum,mixed_75,56,16,4.056,5.489,5.772
sum,mixed_75,56,32,4.056,5.489,6.326
sum,mixed_75,56,64,4.056,5.489,4.457
sum,mixed_75,56,128,4.056,5.489,4.516
sum,mixed_75,56,256,4.056,5.489,4.445
sum,mixed_75,56,512,4.056,5.489,4.432
sum,mixed_75,60,2,4.142,5.565,6.302
sum,mixed_75,60,4,4.142,5.565,6.342
sum,mixed_75,60,8,4.142,5.565,6.512
sum,mixed_75,60,16,4.142,5.565,6.111
sum,mixed_75,60,32,4.142,5.565,6.574
sum,mixed_75,60,64,4.142,5.565,4.606
sum,mixed_75,60,128,4.142,5.565,4.589
sum,mixed_75,60,256,4.142,5.565,4.487
sum,mixed_75,60,512,4.142,5.565,4.489
sum,mixed_75,64,2,3.961,5.997,7.058
sum,mixed_75,64,4,3.961,5.997,7.504
sum,mixed_75,64,8,3.961,5.997,6.666
sum,mixed_75,64,16,3.961,5.997,6.306
sum,mixed_75,64,32,3.961,5.997,6.582
sum,mixed_75,64,64,3.961,5.997,4.545
sum,mixed_75,64,128,3.961,5.997,4.552
sum,mixed_75,64,256,3.961,5.997,4.530
sum,mixed_75,64,512,3.961,5.997,4.563
sum,mixed_75,80,2,4.185,6.028,6.831
sum,mixed_75,80,4,4.185,6.028,6.652
sum,mixed_75,80,8,4.185,6.028,6.530
sum,mixed_75,80,16,4.185,6.028,6.358
sum,mixed_75,80,32,4.185,6.028,6.039
sum,mixed_75,80,64,4.185,6.028,5.364
sum,mixed_75,80,128,4.185,6.028,4.619
sum,mixed_75,80,256,4.185,6.028,4.605
sum,mixed_75,80,512,4.185,6.028,4.592
sum,mixed_75,96,2,4.250,5.891,6.726
sum,mixed_75,96,4,4.250,5.891,6.502
sum,mixed_75,96,8,4.250,5.891,6.400
sum,mixed_75,96,16,4.250,5.891,6.146
sum,mixed_75,96,32,4.250,5.891,5.755
sum,mixed_75,96,64,4.250,5.891,6.175
sum,mixed_75,96,128,4.250,5.891,4.675
sum,mixed_75,96,256,4.250,5.891,4.738
sum,mixed_75,96,512,4.250,5.891,4.753
sum,mixed_75,128,2,4.339,6.273,7.225
sum,mixed_75,128,4,4.339,6.273,7.322
sum,mixed_75,128,8,4.339,6.273,7.141
sum,mixed_75,128,16,4.339,6.273,6.977
sum,mixed_75,128,32,4.339,6.273,6.814
sum,mixed_75,128,64,4.339,6.273,6.964
sum,mixed_75,128,128,4.339,6.273,4.871
sum,mixed_75,128,256,4.339,6.273,4.868
sum,mixed_75,128,512,4.339,6.273,4.880
sum,mixed_75,192,2,4.542,6.294,7.170
sum,mixed_75,192,4,4.542,6.294,7.077
sum,mixed_75,192,8,4.542,6.294,7.054
sum,mixed_75,192,16,4.542,6.294,6.920
sum,mixed_75,192,32,4.542,6.294,6.907
sum,mixed_75,192,64,4.542,6.294,6.257
sum,mixed_75,192,128,4.542,6.294,6.555
sum,mixed_75,192,256,4.542,6.294,5.004
sum,mixed_75,192,512,4.542,6.294,5.074
sum,mixed_75,256,2,4.777,6.864,7.505
sum,mixed_75,256,4,4.777,6.864,7.671
sum,mixed_75,256,8,4.777,6.864,7.515
sum,mixed_75,256,16,4.777,6.864,7.551
sum,mixed_75,256,32,4.777,6.864,7.673
sum,mixed_75,256,64,4.777,6.864,7.288
sum,mixed_75,256,128,4.777,6.864,7.364
sum,mixed_75,256,256,4.777,6.864,5.243
sum,mixed_75,256,512,4.777,6.864,5.335
sum,mixed_75,384,2,5.342,6.682,7.538
sum,mixed_75,384,4,5.342,6.682,7.502
sum,mixed_75,384,8,5.342,6.682,7.509
sum,mixed_75,384,16,5.342,6.682,7.525
sum,mixed_75,384,32,5.342,6.682,7.696
sum,mixed_75,384,64,5.342,6.682,7.329
sum,mixed_75,384,128,5.342,6.682,6.637
sum,mixed_75,384,256,5.342,6.682,7.103
sum,mixed_75,384,512,5.342,6.682,5.740
sum,mixed_75,512,2,5.921,7.176,7.783
sum,mixed_75,512,4,5.921,7.176,7.881
sum,mixed_75,512,8,5.921,7.176,7.915
sum,mixed_75,512,16,5.921,7.176,7.863
sum,mixed_75,512,32,5.921,7.176,8.257
sum,mixed_75,512,64,5.921,7.176,8.121
sum,mixed_75,512,128,5.921,7.176,7.604
sum,mixed_75,512,256,5.921,7.176,7.845
sum,mixed_75,512,512,5.921,7.176,6.294
sum,mixed_75,768,2,7.093,6.985,7.981
sum,mixed_75,768,4,7.093,6.985,7.809
sum,mixed_75,768,8,7.093,6.985,7.905
sum,mixed_75,768,16,7.093,6.985,7.928
sum,mixed_75,768,32,7.093,6.985,8.217
sum,mixed_75,768,64,7.093,6.985,8.040
sum,mixed_75,768,128,7.093,6.985,7.623
sum,mixed_75,768,256,7.093,6.985,7.135
sum,mixed_75,768,512,7.093,6.985,8.075
sum,mixed_75,1024,2,8.500,7.366,8.261
sum,mixed_75,1024,4,8.500,7.366,8.073
sum,mixed_75,1024,8,8.500,7.366,8.255
sum,mixed_75,1024,16,8.500,7.366,8.413
sum,mixed_75,1024,32,8.500,7.366,8.815
sum,mixed_75,1024,64,8.500,7.366,8.972
sum,mixed_75,1024,128,8.500,7.366,8.481
sum,mixed_75,1024,256,8.500,7.366,8.161
sum,mixed_75,1024,512,8.500,7.366,8.748
sum,mixed_75,1536,2,11.223,7.276,8.797
sum,mixed_75,1536,4,11.223,7.276,8.197
sum,mixed_75,1536,8,11.223,7.276,8.517
sum,mixed_75,1536,16,11.223,7.276,8.448
sum,mixed_75,1536,32,11.223,7.276,8.884
sum,mixed_75,1536,64,11.223,7.276,8.914
sum,mixed_75,1536,128,11.223,7.276,8.812
sum,mixed_75,1536,256,11.223,7.276,8.455
sum,mixed_75,1536,512,11.223,7.276,8.695
sum,mixed_75,2048,2,12.276,7.919,8.879
sum,mixed_75,2048,4,12.276,7.919,8.852
sum,mixed_75,2048,8,12.276,7.919,9.000
sum,mixed_75,2048,16,12.276,7.919,9.127
sum,mixed_75,2048,32,12.276,7.919,9.608
sum,mixed_75,2048,64,12.276,7.919,9.977
sum,mixed_75,2048,128,12.276,7.919,9.426
sum,mixed_75,2048,256,12.276,7.919,9.295
sum,mixed_75,2048,512,12.276,7.919,9.194
sum,mixed_75,3072,2,15.706,7.748,8.958
sum,mixed_75,3072,4,15.706,7.748,8.502
sum,mixed_75,3072,8,15.706,7.748,8.746
sum,mixed_75,3072,16,15.706,7.748,9.199
sum,mixed_75,3072,32,15.706,7.748,9.240
sum,mixed_75,3072,64,15.706,7.748,9.471
sum,mixed_75,3072,128,15.706,7.748,9.044
sum,mixed_75,3072,256,15.706,7.748,9.170
sum,mixed_75,3072,512,15.706,7.748,9.424
sum,mixed_75,4096,2,24.878,7.815,8.874
sum,mixed_75,4096,4,24.878,7.815,8.825
sum,mixed_75,4096,8,24.878,7.815,8.917
sum,mixed_75,4096,16,24.878,7.815,9.006
sum,mixed_75,4096,32,24.878,7.815,9.449
sum,mixed_75,4096,64,24.878,7.815,9.762
sum,mixed_75,4096,128,24.878,7.815,9.545
sum,mixed_75,4096,256,24.878,7.815,9.534
sum,mixed_75,4096,512,24.878,7.815,10.173
sum,mixed_75,6144,2,36.168,7.704,8.829
sum,mixed_75,6144,4,36.168,7.704,8.658
sum,mixed_75,6144,8,36.168,7.704,8.678
sum,mixed_75,6144,16,36.168,7.704,8.792
sum,mixed_75,6144,32,36.168,7.704,9.319
sum,mixed_75,6144,64,36.168,7.704,9.457
sum,mixed_75,6144,128,36.168,7.704,9.568
sum,mixed_75,6144,256,36.168,7.704,9.359
sum,mixed_75,6144,512,36.168,7.704,9.854
sum,mixed_75,8192,2,58.647,7.941,9.238
sum,mixed_75,8192,4,58.647,7.941,9.076
sum,mixed_75,8192,8,58.647,7.941,9.279
sum,mixed_75,8192,16,58.647,7.941,9.319
sum,mixed_75,8192,32,58.647,7.941,9.604
sum,mixed_75,8192,64,58.647,7.941,9.842
sum,mixed_75,8192,128,58.647,7.941,10.255
sum,mixed_75,8192,256,58.647,7.941,10.108
sum,mixed_75,8192,512,58.647,7.941,10.970
sum,mixed_75,12288,2,64.299,8.081,9.087
sum,mixed_75,12288,4,64.299,8.081,8.946
sum,mixed_75,12288,8,64.299,8.081,9.232
sum,mixed_75,12288,16,64.299,8.081,9.282
sum,mixed_75,12288,32,64.299,8.081,9.750
sum,mixed_75,12288,64,64.299,8.081,10.084
sum,mixed_75,12288,128,64.299,8.081,9.953
sum,mixed_75,12288,256,64.299,8.081,10.165
sum,mixed_75,12288,512,64.299,8.081,11.024
sum,mixed_75,16384,2,89.555,8.492,9.708
sum,mixed_75,16384,4,89.555,8.492,9.330
sum,mixed_75,16384,8,89.555,8.492,9.615
sum,mixed_75,16384,16,89.555,8.492,9.735
sum,mixed_75,16384,32,89.555,8.492,10.193
sum,mixed_75,16384,64,89.555,8.492,10.225
sum,mixed_75,16384,128,89.555,8.492,10.515
sum,mixed_75,16384,256,89.555,8.492,11.063
sum,mixed_75,16384,512,89.555,8.492,12.257
sum,mixed_75,24576,2,139.515,8.576,9.863
sum,mixed_75,24576,4,139.515,8.576,9.682
sum,mixed_75,24576,8,139.515,8.576,9.744
sum,mixed_75,24576,16,139.515,8.576,9.830
sum,mixed_75,24576,32,139.515,8.576,10.064
sum,mixed_75,24576,64,139.515,8.576,10.294
sum,mixed_75,24576,128,139.515,8.576,10.410
sum,mixed_75,24576,256,139.515,8.576,10.555
sum,mixed_75,24576,512,139.515,8.576,11.478
sum,mixed_75,32768,2,297.044,8.930,10.208
sum,mixed_75,32768,4,297.044,8.930,9.856
sum,mixed_75,32768,8,297.044,8.930,10.046
sum,mixed_75,32768,16,297.044,8.930,10.232
sum,mixed_75,32768,32,297.044,8.930,10.563
sum,mixed_75,32768,64,297.044,8.930,10.568
sum,mixed_75,32768,128,297.044,8.930,10.708
sum,mixed_75,32768,256,297.044,8.930,10.942
sum,mixed_75,32768,512,297.044,8.930,12.403
sum,mixed_75,49152,2,442.272,8.946,9.979
sum,mixed_75,49152,4,442.272,8.946,9.772
sum,mixed_75,49152,8,442.272,8.946,10.108
sum,mixed_75,49152,16,442.272,8.946,10.129
sum,mixed_75,49152,32,442.272,8.946,10.384
sum,mixed_75,49152,64,442.272,8.946,10.471
sum,mixed_75,49152,128,442.272,8.946,10.731
sum,mixed_75,49152,256,442.272,8.946,11.127
sum,mixed_75,49152,512,442.272,8.946,12.469
sum,mixed_75,65536,2,578.941,9.197,10.663
sum,mixed_75,65536,4,578.941,9.197,10.180
sum,mixed_75,65536,8,578.941,9.197,10.396
sum,mixed_75,65536,16,578.941,9.197,10.350
sum,mixed_75,65536,32,578.941,9.197,10.704
sum,mixed_75,65536,64,578.941,9.197,10.749
sum,mixed_75,65536,128,578.941,9.197,10.843
sum,mixed_75,65536,256,578.941,9.197,11.345
sum,mixed_75,65536,512,578.941,9.197,12.696
sum,mixed_75,98304,2,887.584,9.171,10.289
sum,mixed_75,98304,4,887.584,9.171,10.109
sum,mixed_75,98304,8,887.584,9.171,10.333
sum,mixed_75,98304,16,887.584,9.171,10.344
sum,mixed_75,98304,32,887.584,9.171,10.677
sum,mixed_75,98304,64,887.584,9.171,10.746
sum,mixed_75,98304,128,887.584,9.171,10.806
sum,mixed_75,98304,256,887.584,9.171,11.171
sum,mixed_75,98304,512,887.584,9.171,12.226
sum,mixed_75,131072,2,1184.025,9.674,10.573
sum,mixed_75,131072,4,1184.025,9.674,10.652
sum,mixed_75,131072,8,1184.025,9.674,10.824
sum,mixed_75,131072,16,1184.025,9.674,10.885
sum,mixed_75,131072,32,1184.025,9.674,11.187
sum,mixed_75,131072,64,1184.025,9.674,11.266
sum,mixed_75,131072,128,1184.025,9.674,11.276
sum,mixed_75,131072,256,1184.025,9.674,11.645
sum,mixed_75,131072,512,1184.025,9.674,12.634
sum,mixed_75,196608,2,1791.365,10.350,10.632
sum,mixed_75,196608,4,1791.365,10.350,10.362
sum,mixed_75,196608,8,1791.365,10.350,10.875
sum,mixed_75,196608,16,1791.365,10.350,11.037
sum,mixed_75,196608,32,1791.365,10.350,11.233
sum,mixed_75,196608,64,1791.365,10.350,11.326
sum,mixed_75,196608,128,1791.365,10.350,11.170
sum,mixed_75,196608,256,1791.365,10.350,11.487
sum,mixed_75,196608,512,1791.365,10.350,13.025
sum,mixed_75,262144,2,2646.372,11.776,11.040
sum,mixed_75,262144,4,2646.372,11.776,10.927
sum,mixed_75,262144,8,2646.372,11.776,11.142
sum,mixed_75,262144,16,2646.372,11.776,11.357
sum,mixed_75,262144,32,2646.372,11.776,11.408
sum,mixed_75,262144,64,2646.372,11.776,11.609
sum,mixed_75,262144,128,2646.372,11.776,11.434
sum,mixed_75,262144,256,2646.372,11.776,12.199
sum,mixed_75,262144,512,2646.372,11.776,13.556
sum,mixed_75,393216,2,4137.476,14.529,12.467
sum,mixed_75,393216,4,4137.476,14.529,10.662
sum,mixed_75,393216,8,4137.476,14.529,11.013
sum,mixed_75,393216,16,4137.476,14.529,11.243
sum,mixed_75,393216,32,4137.476,14.529,11.579
sum,mixed_75,393216,64,4137.476,14.529,11.556
sum,mixed_75,393216,128,4137.476,14.529,11.436
sum,mixed_75,393216,256,4137.476,14.529,12.240
sum,mixed_75,393216,512,4137.476,14.529,14.794
sum,mixed_75,524288,2,5537.596,17.731,14.914
sum,mixed_75,524288,4,5537.596,17.731,11.296
sum,mixed_75,524288,8,5537.596,17.731,11.465
sum,mixed_75,524288,16,5537.596,17.731,12.048
sum,mixed_75,524288,32,5537.596,17.731,12.108
sum,mixed_75,524288,64,5537.596,17.731,12.183
sum,mixed_75,524288,128,5537.596,17.731,12.165
sum,mixed_75,524288,256,5537.596,17.731,12.818
sum,mixed_75,524288,512,5537.596,17.731,15.041
sum,mixed_75,786432,2,10486.412,23.713,22.398
sum,mixed_75,786432,4,10486.412,23.713,13.578
sum,mixed_75,786432,8,10486.412,23.713,11.836
sum,mixed_75,786432,16,10486.412,23.713,11.747
sum,mixed_75,786432,32,10486.412,23.713,12.174
sum,mixed_75,786432,64,10486.412,23.713,12.233
sum,mixed_75,786432,128,10486.412,23.713,12.099
sum,mixed_75,786432,256,10486.412,23.713,12.867
sum,mixed_75,786432,512,10486.412,23.713,15.424
sum,mixed_75,1048576,2,15969.691,27.973,24.551
sum,mixed_75,1048576,4,15969.691,27.973,16.871
sum,mixed_75,1048576,8,15969.691,27.973,12.100
sum,mixed_75,1048576,16,15969.691,27.973,12.051
sum,mixed_75,1048576,32,15969.691,27.973,12.335
sum,mixed_75,1048576,64,15969.691,27.973,12.513
sum,mixed_75,1048576,128,15969.691,27.973,12.632
sum,mixed_75,1048576,256,15969.691,27.973,13.706
sum,mixed_75,1048576,512,15969.691,27.973,17.117
xor,query,4,2,5.337,1.734,6.162
xor,query,4,4,5.337,1.734,5.361
xor,query,4,8,5.337,1.734,5.397
xor,query,4,16,5.337,1.734,5.281
xor,query,4,32,5.337,1.734,5.475
xor,query,4,64,5.337,1.734,5.281
xor,query,4,128,5.337,1.734,5.298
xor,query,4,256,5.337,1.734,5.364
xor,query,4,512,5.337,1.734,5.354
xor,query,8,2,7.400,3.505,6.255
xor,query,8,4,7.400,3.505,7.360
xor,query,8,8,7.400,3.505,7.317
xor,query,8,16,7.400,3.505,7.294
xor,query,8,32,7.400,3.505,7.267
xor,query,8,64,7.400,3.505,7.294
xor,query,8,128,7.400,3.505,7.266
xor,query,8,256,7.400,3.505,7.476
xor,query,8,512,7.400,3.505,7.386
xor,query,12,2,8.385,3.198,6.326
xor,query,12,4,8.385,3.198,6.801
xor,query,12,8,8.385,3.198,8.316
xor,query,12,16,8.385,3.198,8.336
xor,query,12,32,8.385,3.198,8.266
xor,query,12,64,8.385,3.198,8.232
xor,query,12,128,8.385,3.198,8.311
xor,query,12,256,8.385,3.198,8.338
xor,query,12,512,8.385,3.198,8.399
xor,query,16,2,8.724,4.106,7.019
xor,query,16,4,8.724,4.106,7.579
xor,query,16,8,8.724,4.106,9.480
xor,query,16,16,8.724,4.106,8.741
xor,query,16,32,8.724,4.106,8.632
xor,query,16,64,8.724,4.106,8.735
xor,query,16,128,8.724,4.106,8.802
xor,query,16,256,8.724,4.106,8.786
xor,query,16,512,8.724,4.106,8.757
xor,query,20,2,9.741,3.714,7.010
xor,query,20,4,9.741,3.714,7.202
xor,query,20,8,9.741,3.714,9.617
xor,query,20,16,9.741,3.714,9.455
xor,query,20,32,9.741,3.714,9.546
xor,query,20,64,9.741,3.714,9.450
xor,query,20,128,9.741,3.714,9.658
xor,query,20,256,9.741,3.714,9.441
xor,query,20,512,9.741,3.714,9.301
xor,query,24,2,10.457,4.072,7.055
xor,query,24,4,10.457,4.072,7.683
xor,query,24,8,10.457,4.072,9.087
xor,query,24,16,10.457,4.072,10.087
xor,query,24,32,10.457,4.072,10.640
xor,query,24,64,10.457,4.072,10.571
xor,query,24,128,10.457,4.072,10.473
xor,query,24,256,10.457,4.072,10.425
xor,query,24,512,10.457,4.072,10.506
xor,query,28,2,10.952,3.960,6.783
xor,query,28,4,10.952,3.960,7.866
xor,query,28,8,10.952,3.960,9.120
xor,query,28,16,10.952,3.960,10.551
xor,query,28,32,10.952,3.960,11.026
xor,query,28,64,10.952,3.960,11.202
xor,query,28,128,10.952,3.960,11.002
xor,query,28,256,10.952,3.960,11.053
xor,query,28,512,10.952,3.960,11.071
xor,query,32,2,11.070,4.429,7.408
xor,query,32,4,11.070,4.429,8.273
xor,query,32,8,11.070,4.429,9.822
xor,query,32,16,11.070,4.429,10.890
xor,query,32,32,11.070,4.429,11.120
xor,query,32,64,11.070,4.429,11.195
xor,query,32,128,11.070,4.429,11.148
xor,query,32,256,11.070,4.429,11.031
xor,query,32,512,11.070,4.429,11.110
xor,query,36,2,11.106,4.370,7.356
xor,query,36,4,11.106,4.370,8.361
xor,query,36,8,11.106,4.370,9.620
xor,query,36,16,11.106,4.370,10.880
xor,query,36,32,11.106,4.370,11.078
xor,query,36,64,11.106,4.370,11.167
xor,query,36,128,11.106,4.370,11.100
xor,query,36,256,11.106,4.370,11.102
xor,query,36,512,11.106,4.370,11.097
xor,query,40,2,11.464,4.288,7.176
xor,query,40,4,11.464,4.288,8.126
xor,query,40,8,11.464,4.288,9.267
xor,query,40,16,11.464,4.288,10.649
xor,query,40,32,11.464,4.288,11.499
xor,query,40,64,11.464,4.288,11.521
xor,query,40,128,11.464,4.288,11.495
xor,query,40,256,11.464,4.288,11.607
xor,query,40,512,11.464,4.288,11.447
xor,query,44,2,11.982,4.219,7.113
xor,query,44,4,11.982,4.219,8.132
xor,query,44,8,11.982,4.219,9.925
xor,query,44,16,11.982,4.219,10.855
xor,query,44,32,11.982,4.219,11.962
xor,query,44,64,11.982,4.219,12.103
xor,query,44,128,11.982,4.219,11.965
xor,query,44,256,11.982,4.219,11.906
xor,query,44,512,11.982,4.219,11.847
xor,query,48,2,11.950,4.349,7.497
xor,query,48,4,11.950,4.349,8.184
xor,query,48,8,11.950,4.349,9.863
xor,query,48,16,11.950,4.349,10.312
xor,query,48,32,11.950,4.349,12.076
xor,query,48,64,11.950,4.349,12.227
xor,query,48,128,11.950,4.349,12.123
xor,query,48,256,11.950,4.349,12.060
xor,query,48,512,11.950,4.349,12.261
xor,query,52,2,12.044,4.262,7.414
xor,query,52,4,12.044,4.262,8.049
xor,query,52,8,12.044,4.262,10.192
xor,query,52,16,12.044,4.262,10.376
xor,query,52,32,12.044,4.262,12.501
xor,query,52,64,12.044,4.262,12.397
xor,query,52,128,12.044,4.262,12.165
xor,query,52,256,12.044,4.262,12.240
xor,query,52,512,12.044,4.262,12.147
xor,query,56,2,12.346,4.403,7.453
xor,query,56,4,12.346,4.403,8.194
xor,query,56,8,12.346,4.403,10.073
xor,query,56,16,12.346,4.403,10.641
xor,query,56,32,12.346,4.403,13.119
xor,query,56,64,12.346,4.403,12.485
xor,query,56,128,12.346,4.403,12.260
xor,query,56,256,12.346,4.403,12.342
xor,query,56,512,12.346,4.403,12.455
xor,query,60,2,12.471,4.461,7.359
xor,query,60,4,12.471,4.461,8.253
xor,query,60,8,12.471,4.461,10.237
xor,query,60,16,12.471,4.461,11.118
xor,query,60,32,12.471,4.461,13.349
xor,query,60,64,12.471,4.461,12.636
xor,query,60,128,12.471,4.461,12.607
xor,query,60,256,12.471,4.461,12.428
xor,query,60,512,12.471,4.461,12.508
xor,query,64,2,12.501,4.706,7.654
xor,query,64,4,12.501,4.706,8.571
xor,query,64,8,12.501,4.706,10.597
xor,query,64,16,12.501,4.706,11.231
xor,query,64,32,12.501,4.706,13.562
xor,query,64,64,12.501,4.706,12.722
xor,query,64,128,12.501,4.706,12.473
xor,query,64,256,12.501,4.706,12.589
xor,query,64,512,12.501,4.706,12.673
xor,query,80,2,13.074,4.630,7.637
xor,query,80,4,13.074,4.630,8.523
xor,query,80,8,13.074,4.630,10.384
xor,query,80,16,13.074,4.630,10.721
xor,query,80,32,13.074,4.630,13.077
xor,query,80,64,13.074,4.630,12.971
xor,query,80,128,13.074,4.630,13.175
xor,query,80,256,13.074,4.630,13.116
xor,query,80,512,13.074,4.630,13.090
xor,query,96,2,13.406,4.653,7.769
xor,query,96,4,13.406,4.653,8.735
xor,query,96,8,13.406,4.653,10.546
xor,query,96,16,13.406,4.653,11.234
xor,query,96,32,13.406,4.653,12.963
xor,query,96,64,13.406,4.653,13.842
xor,query,96,128,13.406,4.653,13.235
xor,query,96,256,13.406,4.653,13.407
xor,query,96,512,13.406,4.653,13.147
xor,query,128,2,13.589,4.855,7.938
xor,query,128,4,13.589,4.855,9.195
xor,query,128,8,13.589,4.855,10.922
xor,query,128,16,13.589,4.855,11.976
xor,query,128,32,13.589,4.855,14.300
xor,query,128,64,13.589,4.855,14.884
xor,query,128,128,13.589,4.855,14.066
xor,query,128,256,13.589,4.855,14.022
xor,query,128,512,13.589,4.855,13.856
xor,query,192,2,15.115,4.953,7.993
xor,query,192,4,15.115,4.953,8.784
xor,query,192,8,15.115,4.953,10.792
xor,query,192,16,15.115,4.953,11.715
xor,query,192,32,15.115,4.953,13.796
xor,query,192,64,15.115,4.953,14.222
xor,query,192,128,15.115,4.953,15.086
xor,query,192,256,15.115,4.953,15.404
xor,query,192,512,15.115,4.953,15.358
xor,query,256,2,16.028,5.168,8.177
xor,query,256,4,16.028,5.168,9.192
xor,query,256,8,16.028,5.168,11.025
xor,query,256,16,16.028,5.168,12.272
xor,query,256,32,16.028,5.168,14.535
xor,query,256,64,16.028,5.168,15.083
xor,query,256,128,16.028,5.168,16.110
xor,query,256,256,16.028,5.168,16.769
xor,query,256,512,16.028,5.168,16.729
xor,query,384,2,17.912,5.179,8.144
xor,query,384,4,17.912,5.179,9.134
xor,query,384,8,17.912,5.179,11.027
xor,query,384,16,17.912,5.179,12.398
xor,query,384,32,17.912,5.179,14.794
xor,query,384,64,17.912,5.179,15.676
xor,query,384,128,17.912,5.179,15.684
xor,query,384,256,17.912,5.179,17.680
xor,query,384,512,17.912,5.179,18.596
xor,query,512,2,20.081,5.369,8.334
xor,query,512,4,20.081,5.369,9.400
xor,query,512,8,20.081,5.369,11.299
xor,query,512,16,20.081,5.369,12.620
xor,query,512,32,20.081,5.369,14.772
xor,query,512,64,20.081,5.369,15.860
xor,query,512,128,20.081,5.369,16.591
xor,query,512,256,20.081,5.369,18.886
xor,query,512,512,20.081,5.369,20.872
xor,query,768,2,25.805,5.586,8.355
xor,query,768,4,25.805,5.586,9.421
xor,query,768,8,25.805,5.586,11.461
xor,query,768,16,25.805,5.586,12.362
xor,query,768,32,25.805,5.586,14.828
xor,query,768,64,25.805,5.586,15.701
xor,query,768,128,25.805,5.586,16.568
xor,query,768,256,25.805,5.586,18.135
xor,query,768,512,25.805,5.586,21.034
xor,query,1024,2,29.706,5.491,8.665
xor,query,1024,4,29.706,5.491,9.641
xor,query,1024,8,29.706,5.491,11.482
xor,query,1024,16,29.706,5.491,12.883
xor,query,1024,32,29.706,5.491,15.058
xor,query,1024,64,29.706,5.491,16.005
xor,query,1024,128,29.706,5.491,16.882
xor,query,1024,256,29.706,5.491,18.969
xor,query,1024,512,29.706,5.491,22.261
xor,query,1536,2,39.954,5.558,8.615
xor,query,1536,4,39.954,5.558,9.507
xor,query,1536,8,39.954,5.558,11.607
xor,query,1536,16,39.954,5.558,12.717
xor,query,1536,32,39.954,5.558,14.965
xor,query,1536,64,39.954,5.558,16.333
xor,query,1536,128,39.954,5.558,17.223
xor,query,1536,256,39.954,5.558,19.348
xor,query,1536,512,39.954,5.558,22.352
xor,query,2048,2,40.536,5.768,8.907
xor,query,2048,4,40.536,5.768,9.764
xor,query,2048,8,40.536,5.768,11.738
xor,query,2048,16,40.536,5.768,12.920
xor,query,2048,32,40.536,5.768,15.238
xor,query,2048,64,40.536,5.768,16.309
xor,query,2048,128,40.536,5.768,17.481
xor,query,2048,256,40.536,5.768,19.709
xor,query,2048,512,40.536,5.768,22.386
xor,query,3072,2,54.880,5.779,8.778
xor,query,3072,4,54.880,5.779,9.775
xor,query,3072,8,54.880,5.779,11.692
xor,query,3072,16,54.880,5.779,13.148
xor,query,3072,32,54.880,5.779,15.527
xor,query,3072,64,54.880,5.779,16.657
xor,query,3072,128,54.880,5.779,17.441
xor,query,3072,256,54.880,5.779,19.841
xor,query,3072,512,54.880,5.779,23.236
xor,query,4096,2,93.099,5.876,8.965
xor,query,4096,4,93.099,5.876,9.958
xor,query,4096,8,93.099,5.876,11.867
xor,query,4096,16,93.099,5.876,13.204
xor,query,4096,32,93.099,5.876,15.458
xor,query,4096,64,93.099,5.876,16.654
xor,query,4096,128,93.099,5.876,17.947
xor,query,4096,256,93.099,5.876,20.180
xor,query,4096,512,93.099,5.876,23.220
xor,query,6144,2,135.119,5.939,9.251
xor,query,6144,4,135.119,5.939,10.091
xor,query,6144,8,135.119,5.939,11.998
xor,query,6144,16,135.119,5.939,13.250
xor,query,6144,32,135.119,5.939,15.564
xor,query,6144,64,135.119,5.939,16.762
xor,query,6144,128,135.119,5.939,18.009
xor,query,6144,256,135.119,5.939,20.137
xor,query,6144,512,135.119,5.939,23.757
xor,query,8192,2,217.749,6.032,9.371
xor,query,8192,4,217.749,6.032,10.253
xor,query,8192,8,217.749,6.032,12.238
xor,query,8192,16,217.749,6.032,13.760
xor,query,8192,32,217.749,6.032,15.930
xor,query,8192,64,217.749,6.032,17.473
xor,query,8192,128,217.749,6.032,18.633
xor,query,8192,256,217.749,6.032,20.768
xor,query,8192,512,217.749,6.032,24.975
xor,query,12288,2,242.831,6.136,9.494
xor,query,12288,4,242.831,6.136,10.302
xor,query,12288,8,242.831,6.136,12.454
xor,query,12288,16,242.831,6.136,13.546
xor,query,12288,32,242.831,6.136,15.802
xor,query,12288,64,242.831,6.136,17.249
xor,query,12288,128,242.831,6.136,18.075
xor,query,12288,256,242.831,6.136,20.535
xor,query,12288,512,242.831,6.136,24.091
xor,query,16384,2,335.591,6.286,9.578
xor,query,16384,4,335.591,6.286,10.408
xor,query,16384,8,335.591,6.286,12.218
xor,query,16384,16,335.591,6.286,13.779
xor,query,16384,32,335.591,6.286,16.028
xor,query,16384,64,335.591,6.286,17.347
xor,query,16384,128,335.591,6.286,18.574
xor,query,16384,256,335.591,6.286,20.652
xor,query,16384,512,335.591,6.286,24.526
xor,query,24576,2,512.990,6.324,9.854
xor,query,24576,4,512.990,6.324,10.654
xor,query,24576,8,512.990,6.324,12.259
xor,query,24576,16,512.990,6.324,13.885
xor,query,24576,32,512.990,6.324,16.138
xor,query,24576,64,512.990,6.324,17.589
xor,query,24576,128,512.990,6.324,18.798
xor,query,24576,256,512.990,6.324,21.050
xor,query,24576,512,512.990,6.324,26.505
xor,query,32768,2,1116.561,6.569,9.955
xor,query,32768,4,1116.561,6.569,10.895
xor,query,32768,8,1116.561,6.569,12.567
xor,query,32768,16,1116.561,6.569,13.847
xor,query,32768,32,1116.561,6.569,16.432
xor,query,32768,64,1116.561,6.569,17.815
xor,query,32768,128,1116.561,6.569,19.028
xor,query,32768,256,1116.561,6.569,21.404
xor,query,32768,512,1116.561,6.569,26.995
xor,query,49152,2,1676.461,6.656,9.815
xor,query,49152,4,1676.461,6.656,10.931
xor,query,49152,8,1676.461,6.656,12.709
xor,query,49152,16,1676.461,6.656,14.166
xor,query,49152,32,1676.461,6.656,16.447
xor,query,49152,64,1676.461,6.656,17.681
xor,query,49152,128,1676.461,6.656,19.039
xor,query,49152,256,1676.461,6.656,21.610
xor,query,49152,512,1676.461,6.656,27.371
xor,query,65536,2,2207.284,6.826,10.214
xor,query,65536,4,2207.284,6.826,11.172
xor,query,65536,8,2207.284,6.826,12.924
xor,query,65536,16,2207.284,6.826,14.247
xor,query,65536,32,2207.284,6.826,16.678
xor,query,65536,64,2207.284,6.826,17.794
xor,query,65536,128,2207.284,6.826,19.802
xor,query,65536,256,2207.284,6.826,22.071
xor,query,65536,512,2207.284,6.826,28.206
xor,query,98304,2,3508.858,7.044,10.173
xor,query,98304,4,3508.858,7.044,11.272
xor,query,98304,8,3508.858,7.044,13.002
xor,query,98304,16,3508.858,7.044,14.569
xor,query,98304,32,3508.858,7.044,16.786
xor,query,98304,64,3508.858,7.044,17.687
xor,query,98304,128,3508.858,7.044,19.322
xor,query,98304,256,3508.858,7.044,21.365
xor,query,98304,512,3508.858,7.044,26.124
xor,query,131072,2,4734.166,7.195,10.266
xor,query,131072,4,4734.166,7.195,11.228
xor,query,131072,8,4734.166,7.195,12.890
xor,query,131072,16,4734.166,7.195,14.570
xor,query,131072,32,4734.166,7.195,16.891
xor,query,131072,64,4734.166,7.195,18.141
xor,query,131072,128,4734.166,7.195,19.081
xor,query,131072,256,4734.166,7.195,21.450
xor,query,131072,512,4734.166,7.195,25.847
xor,query,196608,2,6947.580,7.375,10.382
xor,query,196608,4,6947.580,7.375,11.348
xor,query,196608,8,6947.580,7.375,13.042
xor,query,196608,16,6947.580,7.375,14.621
xor,query,196608,32,6947.580,7.375,17.001
xor,query,196608,64,6947.580,7.375,18.338
xor,query,196608,128,6947.580,7.375,19.826
xor,query,196608,256,6947.580,7.375,22.419
xor,query,196608,512,6947.580,7.375,29.124
xor,query,262144,2,10363.324,7.678,10.493
xor,query,262144,4,10363.324,7.678,11.635
xor,query,262144,8,10363.324,7.678,13.239
xor,query,262144,16,10363.324,7.678,14.828
xor,query,262144,32,10363.324,7.678,17.655
xor,query,262144,64,10363.324,7.678,18.225
xor,query,262144,128,10363.324,7.678,19.618
xor,query,262144,256,10363.324,7.678,22.709
xor,query,262144,512,10363.324,7.678,28.415
xor,query,393216,2,16845.203,13.189,10.816
xor,query,393216,4,16845.203,13.189,11.593
xor,query,393216,8,16845.203,13.189,13.500
xor,query,393216,16,16845.203,13.189,15.000
xor,query,393216,32,16845.203,13.189,17.272
xor,query,393216,64,16845.203,13.189,18.715
xor,query,393216,128,16845.203,13.189,20.671
xor,query,393216,256,16845.203,13.189,23.907
xor,query,393216,512,16845.203,13.189,34.357
xor,query,524288,2,25118.035,11.725,10.749
xor,query,524288,4,25118.035,11.725,12.022
xor,query,524288,8,25118.035,11.725,13.869
xor,query,524288,16,25118.035,11.725,15.314
xor,query,524288,32,25118.035,11.725,17.581
xor,query,524288,64,25118.035,11.725,18.832
xor,query,524288,128,25118.035,11.725,20.412
xor,query,524288,256,25118.035,11.725,24.940
xor,query,524288,512,25118.035,11.725,37.910
xor,query,786432,2,41202.406,20.787,13.002
xor,query,786432,4,41202.406,20.787,12.244
xor,query,786432,8,41202.406,20.787,13.570
xor,query,786432,16,41202.406,20.787,15.044
xor,query,786432,32,41202.406,20.787,17.679
xor,query,786432,64,41202.406,20.787,18.719
xor,query,786432,128,41202.406,20.787,20.575
xor,query,786432,256,41202.406,20.787,24.808
xor,query,786432,512,41202.406,20.787,39.342
xor,query,1048576,2,60340.055,21.879,13.758
xor,query,1048576,4,60340.055,21.879,12.027
xor,query,1048576,8,60340.055,21.879,13.731
xor,query,1048576,16,60340.055,21.879,15.430
xor,query,1048576,32,60340.055,21.879,17.631
xor,query,1048576,64,60340.055,21.879,18.860
xor,query,1048576,128,60340.055,21.879,20.347
xor,query,1048576,256,60340.055,21.879,24.917
xor,query,1048576,512,60340.055,21.879,38.501
xor,mixed,4,2,3.275,3.019,5.409
xor,mixed,4,4,3.275,3.019,3.746
xor,mixed,4,8,3.275,3.019,3.775
xor,mixed,4,16,3.275,3.019,3.790
xor,mixed,4,32,3.275,3.019,3.783
xor,mixed,4,64,3.275,3.019,3.751
xor,mixed,4,128,3.275,3.019,3.683
xor,mixed,4,256,3.275,3.019,3.807
xor,mixed,4,512,3.275,3.019,3.781
xor,mixed,8,2,4.504,4.334,5.605
xor,mixed,8,4,4.504,4.334,6.116
xor,mixed,8,8,4.504,4.334,4.730
xor,mixed,8,16,4.504,4.334,4.628
xor,mixed,8,32,4.504,4.334,4.728
xor,mixed,8,64,4.504,4.334,4.746
xor,mixed,8,128,4.504,4.334,4.747
xor,mixed,8,256,4.504,4.334,4.704
xor,mixed,8,512,4.504,4.334,4.726
xor,mixed,12,2,5.139,4.132,5.716
xor,mixed,12,4,5.139,4.132,5.497
xor,mixed,12,8,5.139,4.132,6.161
xor,mixed,12,16,5.139,4.132,5.258
xor,mixed,12,32,5.139,4.132,5.235
xor,mixed,12,64,5.139,4.132,5.300
xor,mixed,12,128,5.139,4.132,5.218
xor,mixed,12,256,5.139,4.132,5.166
xor,mixed,12,512,5.139,4.132,5.228
xor,mixed,16,2,5.374,4.833,6.466
xor,mixed,16,4,5.374,4.833,6.291
xor,mixed,16,8,5.374,4.833,7.028
xor,mixed,16,16,5.374,4.833,5.613
xor,mixed,16,32,5.374,4.833,5.496
xor,mixed,16,64,5.374,4.833,5.523
xor,mixed,16,128,5.374,4.833,5.447
xor,mixed,16,256,5.374,4.833,5.496
xor,mixed,16,512,5.374,4.833,5.491
xor,mixed,20,2,5.684,4.562,6.415
xor,mixed,20,4,5.684,4.562,6.375
xor,mixed,20,8,5.684,4.562,6.841
xor,mixed,20,16,5.684,4.562,6.088
xor,mixed,20,32,5.684,4.562,5.876
xor,mixed,20,64,5.684,4.562,5.765
xor,mixed,20,128,5.684,4.562,5.857
xor,mixed,20,256,5.684,4.562,5.817
xor,mixed,20,512,5.684,4.562,5.804
xor,mixed,24,2,6.279,4.633,6.303
xor,mixed,24,4,6.279,4.633,6.316
xor,mixed,24,8,6.279,4.633,6.318
xor,mixed,24,16,6.279,4.633,6.770
xor,mixed,24,32,6.279,4.633,6.286
xor,mixed,24,64,6.279,4.633,6.301
xor,mixed,24,128,6.279,4.633,6.263
xor,mixed,24,256,6.279,4.633,6.349
xor,mixed,24,512,6.279,4.633,6.135
xor,mixed,28,2,6.681,4.679,6.372
xor,mixed,28,4,6.681,4.679,6.625
xor,mixed,28,8,6.681,4.679,6.865
xor,mixed,28,16,6.681,4.679,7.450
xor,mixed,28,32,6.681,4.679,6.728
xor,mixed,28,64,6.681,4.679,6.666
xor,mixed,28,128,6.681,4.679,6.549
xor,mixed,28,256,6.681,4.679,6.632
xor,mixed,28,512,6.681,4.679,6.698
xor,mixed,32,2,6.753,5.190,6.919
xor,mixed,32,4,6.753,5.190,7.041
xor,mixed,32,8,6.753,5.190,7.285
xor,mixed,32,16,6.753,5.190,7.724
xor,mixed,32,32,6.753,5.190,6.698
xor,mixed,32,64,6.753,5.190,6.695
xor,mixed,32,128,6.753,5.190,6.796
xor,mixed,32,256,6.753,5.190,6.656
xor,mixed,32,512,6.753,5.190,6.665
xor,mixed,36,2,6.777,5.202,6.800
xor,mixed,36,4,6.777,5.202,7.282
xor,mixed,36,8,6.777,5.202,7.646
xor,mixed,36,16,6.777,5.202,7.702
xor,mixed,36,32,6.777,5.202,7.000
xor,mixed,36,64,6.777,5.202,6.840
xor,mixed,36,128,6.777,5.202,6.753
xor,mixed,36,256,6.777,5.202,6.676
xor,mixed,36,512,6.777,5.202,6.637
xor,mixed,40,2,6.939,5.144,6.733
xor,mixed,40,4,6.939,5.144,7.044
xor,mixed,40,8,6.939,5.144,7.355
xor,mixed,40,16,6.939,5.144,7.494
xor,mixed,40,32,6.939,5.144,7.317
xor,mixed,40,64,6.939,5.144,6.892
xor,mixed,40,128,6.939,5.144,6.987
xor,mixed,40,256,6.939,5.144,6.863
xor,mixed,40,512,6.939,5.144,6.914
xor,mixed,44,2,7.135,4.968,6.608
xor,mixed,44,4,7.135,4.968,6.963
xor,mixed,44,8,7.135,4.968,7.028
xor,mixed,44,16,7.135,4.968,7.299
xor,mixed,44,32,7.135,4.968,7.560
xor,mixed,44,64,7.135,4.968,7.029
xor,mixed,44,128,7.135,4.968,7.011
xor,mixed,44,256,7.135,4.968,7.121
xor,mixed,44,512,7.135,4.968,7.002
xor,mixed,48,2,7.169,5.099,6.735
xor,mixed,48,4,7.169,5.099,6.893
xor,mixed,48,8,7.169,5.099,7.271
xor,mixed,48,16,7.169,5.099,7.142
xor,mixed,48,32,7.169,5.099,7.943
xor,mixed,48,64,7.169,5.099,7.189
xor,mixed,48,128,7.169,5.099,7.083
xor,mixed,48,256,7.169,5.099,7.169
xor,mixed,48,512,7.169,5.099,7.074
xor,mixed,52,2,7.171,5.014,6.741
xor,mixed,52,4,7.171,5.014,6.901
xor,mixed,52,8,7.171,5.014,7.471
xor,mixed,52,16,7.171,5.014,7.356
xor,mixed,52,32,7.171,5.014,8.305
xor,mixed,52,64,7.171,5.014,7.267
xor,mixed,52,128,7.171,5.014,7.195
xor,mixed,52,256,7.171,5.014,7.144
xor,mixed,52,512,7.171,5.014,7.187
xor,mixed,56,2,7.343,5.131,6.806
xor,mixed,56,4,7.343,5.131,6.917
xor,mixed,56,8,7.343,5.131,7.751
xor,mixed,56,16,7.343,5.131,7.643
xor,mixed,56,32,7.343,5.131,8.668
xor,mixed,56,64,7.343,5.131,7.347
xor,mixed,56,128,7.343,5.131,7.316
xor,mixed,56,256,7.343,5.131,7.173
xor,mixed,56,512,7.343,5.131,7.300
xor,mixed,60,2,7.490,5.167,6.808
xor,mixed,60,4,7.490,5.167,6.993
xor,mixed,60,8,7.490,5.167,7.962
xor,mixed,60,16,7.490,5.167,7.923
xor,mixed,60,32,7.490,5.167,8.949
xor,mixed,60,64,7.490,5.167,7.517
xor,mixed,60,128,7.490,5.167,7.394
xor,mixed,60,256,7.490,5.167,7.382
xor,mixed,60,512,7.490,5.167,7.329
xor,mixed,64,2,7.482,5.573,7.111
xor,mixed,64,4,7.482,5.573,7.475
xor,mixed,64,8,7.482,5.573,8.038
xor,mixed,64,16,7.482,5.573,7.987
xor,mixed,64,32,7.482,5.573,8.990
xor,mixed,64,64,7.482,5.573,7.402
xor,mixed,64,128,7.482,5.573,7.431
xor,mixed,64,256,7.482,5.573,7.352
xor,mixed,64,512,7.482,5.573,7.371
xor,mixed,80,2,7.720,5.440,7.097
xor,mixed,80,4,7.720,5.440,7.391
xor,mixed,80,8,7.720,5.440,8.073
xor,mixed,80,16,7.720,5.440,8.195
xor,mixed,80,32,7.720,5.440,8.645
xor,mixed,80,64,7.720,5.440,8.131
xor,mixed,80,128,7.720,5.440,7.622
xor,mixed,80,256,7.720,5.440,7.598
xor,mixed,80,512,7.720,5.440,7.692
xor,mixed,96,2,7.885,5.418,7.111
xor,mixed,96,4,7.885,5.418,7.322
xor,mixed,96,8,7.885,5.418,7.826
xor,mixed,96,16,7.885,5.418,7.990
xor,mixed,96,32,7.885,5.418,8.318
xor,mixed,96,64,7.885,5.418,8.854
xor,mixed,96,128,7.885,5.418,7.723
xor,mixed,96,256,7.885,5.418,7.778
xor,mixed,96,512,7.885,5.418,7.743
xor,mixed,128,2,8.156,5.728,7.469
xor,mixed,128,4,8.156,5.728,7.720
xor,mixed,128,8,8.156,5.728,8.574
xor,mixed,128,16,8.156,5.728,9.467
xor,mixed,128,32,8.156,5.728,9.553
xor,mixed,128,64,8.156,5.728,10.664
xor,mixed,128,128,8.156,5.728,8.257
xor,mixed,128,256,8.156,5.728,8.125
xor,mixed,128,512,8.156,5.728,8.035
xor,mixed,192,2,8.756,5.841,7.472
xor,mixed,192,4,8.756,5.841,7.783
xor,mixed,192,8,8.756,5.841,8.373
xor,mixed,192,16,8.756,5.841,8.659
xor,mixed,192,32,8.756,5.841,9.332
xor,mixed,192,64,8.756,5.841,9.158
xor,mixed,192,128,8.756,5.841,9.538
xor,mixed,192,256,8.756,5.841,8.484
xor,mixed,192,512,8.756,5.841,8.651
xor,mixed,256,2,9.434,6.196,7.855
xor,mixed,256,4,9.434,6.196,8.162
xor,mixed,256,8,9.434,6.196,8.789
xor,mixed,256,16,9.434,6.196,9.126
xor,mixed,256,32,9.434,6.196,9.924
xor,mixed,256,64,9.434,6.196,10.168
xor,mixed,256,128,9.434,6.196,10.537
xor,mixed,256,256,9.434,6.196,9.105
xor,mixed,256,512,9.434,6.196,9.089
xor,mixed,384,2,10.275,6.051,7.775
xor,mixed,384,4,10.275,6.051,8.166
xor,mixed,384,8,10.275,6.051,8.778
xor,mixed,384,16,10.275,6.051,9.083
xor,mixed,384,32,10.275,6.051,9.801
xor,mixed,384,64,10.275,6.051,9.973
xor,mixed,384,128,10.275,6.051,9.775
xor,mixed,384,256,10.275,6.051,10.475
xor,mixed,384,512,10.275,6.051,10.244
xor,mixed,512,2,11.352,6.379,8.123
xor,mixed,512,4,11.352,6.379,8.355
xor,mixed,512,8,11.352,6.379,9.083
xor,mixed,512,16,11.352,6.379,9.365
xor,mixed,512,32,11.352,6.379,10.340
xor,mixed,512,64,11.352,6.379,10.813
xor,mixed,512,128,11.352,6.379,10.697
xor,mixed,512,256,11.352,6.379,11.408
xor,mixed,512,512,11.352,6.379,11.261
xor,mixed,768,2,13.657,6.352,8.039
xor,mixed,768,4,13.657,6.352,8.320
xor,mixed,768,8,13.657,6.352,8.971
xor,mixed,768,16,13.657,6.352,9.513
xor,mixed,768,32,13.657,6.352,10.407
xor,mixed,768,64,13.657,6.352,10.853
xor,mixed,768,128,13.657,6.352,10.640
xor,mixed,768,256,13.657,6.352,10.843
xor,mixed,768,512,13.657,6.352,12.916
xor,mixed,1024,2,16.310,6.623,8.308
xor,mixed,1024,4,16.310,6.623,8.695
xor,mixed,1024,8,16.310,6.623,9.312
xor,mixed,1024,16,16.310,6.623,9.802
xor,mixed,1024,32,16.310,6.623,10.709
xor,mixed,1024,64,16.310,6.623,11.210
xor,mixed,1024,128,16.310,6.623,11.409
xor,mixed,1024,256,16.310,6.623,11.633
xor,mixed,1024,512,16.310,6.623,13.229
xor,mixed,1536,2,21.852,6.692,8.317
xor,mixed,1536,4,21.852,6.692,8.644
xor,mixed,1536,8,21.852,6.692,9.306
xor,mixed,1536,16,21.852,6.692,9.950
xor,mixed,1536,32,21.852,6.692,10.601
xor,mixed,1536,64,21.852,6.692,11.149
xor,mixed,1536,128,21.852,6.692,11.438
xor,mixed,1536,256,21.852,6.692,11.804
xor,mixed,1536,512,21.852,6.692,13.058
xor,mixed,2048,2,21.866,7.042,8.587
xor,mixed,2048,4,21.866,7.042,9.120
xor,mixed,2048,8,21.866,7.042,9.613
xor,mixed,2048,16,21.866,7.042,10.110
xor,mixed,2048,32,21.866,7.042,11.132
xor,mixed,2048,64,21.866,7.042,11.528
xor,mixed,2048,128,21.866,7.042,11.883
xor,mixed,2048,256,21.866,7.042,12.574
xor,mixed,2048,512,21.866,7.042,13.764
xor,mixed,3072,2,29.238,6.872,8.733
xor,mixed,3072,4,29.238,6.872,8.945
xor,mixed,3072,8,29.238,6.872,9.597
xor,mixed,3072,16,29.238,6.872,10.309
xor,mixed,3072,32,29.238,6.872,11.428
xor,mixed,3072,64,29.238,6.872,13.520
xor,mixed,3072,128,29.238,6.872,16.154
xor,mixed,3072,256,29.238,6.872,17.223
xor,mixed,3072,512,29.238,6.872,19.371
xor,mixed,4096,2,50.488,7.146,8.952
xor,mixed,4096,4,50.488,7.146,9.525
xor,mixed,4096,8,50.488,7.146,10.784
xor,mixed,4096,16,50.488,7.146,11.341
xor,mixed,4096,32,50.488,7.146,11.323
xor,mixed,4096,64,50.488,7.146,11.897
xor,mixed,4096,128,50.488,7.146,12.095
xor,mixed,4096,256,50.488,7.146,13.138
xor,mixed,4096,512,50.488,7.146,15.050
xor,mixed,6144,2,74.627,7.428,9.473
xor,mixed,6144,4,74.627,7.428,9.887
xor,mixed,6144,8,74.627,7.428,10.502
xor,mixed,6144,16,74.627,7.428,11.829
xor,mixed,6144,32,74.627,7.428,11.757
xor,mixed,6144,64,74.627,7.428,12.350
xor,mixed,6144,128,74.627,7.428,13.053
xor,mixed,6144,256,74.627,7.428,13.642
xor,mixed,6144,512,74.627,7.428,14.120
xor,mixed,8192,2,111.500,7.348,13.745
xor,mixed,8192,4,111.500,7.348,15.406
xor,mixed,8192,8,111.500,7.348,16.752
xor,mixed,8192,16,111.500,7.348,17.911
xor,mixed,8192,32,111.500,7.348,20.025
xor,mixed,8192,64,111.500,7.348,21.259
xor,mixed,8192,128,111.500,7.348,21.404
xor,mixed,8192,256,111.500,7.348,23.178
xor,mixed,8192,512,111.500,7.348,27.863
xor,mixed,12288,2,222.555,12.401,14.907
xor,mixed,12288,4,222.555,12.401,15.837
xor,mixed,12288,8,222.555,12.401,17.169
xor,mixed,12288,16,222.555,12.401,17.727
xor,mixed,12288,32,222.555,12.401,17.465
xor,mixed,12288,64,222.555,12.401,18.424
xor,mixed,12288,128,222.555,12.401,19.156
xor,mixed,12288,256,222.555,12.401,20.812
xor,mixed,12288,512,222.555,12.401,27.273
xor,mixed,16384,2,213.370,9.631,10.961
xor,mixed,16384,4,213.370,9.631,11.321
xor,mixed,16384,8,213.370,9.631,13.358
xor,mixed,16384,16,213.370,9.631,14.054
xor,mixed,16384,32,213.370,9.631,16.168
xor,mixed,16384,64,213.370,9.631,15.762
xor,mixed,16384,128,213.370,9.631,16.603
xor,mixed,16384,256,213.370,9.631,16.941
xor,mixed,16384,512,213.370,9.631,20.661
xor,mixed,24576,2,332.702,9.699,12.979
xor,mixed,24576,4,332.702,9.699,15.202
xor,mixed,24576,8,332.702,9.699,13.315
xor,mixed,24576,16,332.702,9.699,13.700
xor,mixed,24576,32,332.702,9.699,14.899
xor,mixed,24576,64,332.702,9.699,14.336
xor,mixed,24576,128,332.702,9.699,15.151
xor,mixed,24576,256,332.702,9.699,17.779
xor,mixed,24576,512,332.702,9.699,20.784
xor,mixed,32768,2,691.160,9.793,11.110
xor,mixed,32768,4,691.160,9.793,11.766
xor,mixed,32768,8,691.160,9.793,13.433
xor,mixed,32768,16,691.160,9.793,13.606
xor,mixed,32768,32,691.160,9.793,15.151
xor,mixed,32768,64,691.160,9.793,15.150
xor,mixed,32768,128,691.160,9.793,14.604
xor,mixed,32768,256,691.160,9.793,15.423
xor,mixed,32768,512,691.160,9.793,17.272
xor,mixed,49152,2,912.306,8.745,10.243
xor,mixed,49152,4,912.306,8.745,10.367
xor,mixed,49152,8,912.306,8.745,11.467
xor,mixed,49152,16,912.306,8.745,12.826
xor,mixed,49152,32,912.306,8.745,13.835
xor,mixed,49152,64,912.306,8.745,14.540
xor,mixed,49152,128,912.306,8.745,14.271
xor,mixed,49152,256,912.306,8.745,16.370
xor,mixed,49152,512,912.306,8.745,18.941
xor,mixed,65536,2,1230.194,9.251,10.737
xor,mixed,65536,4,1230.194,9.251,11.531
xor,mixed,65536,8,1230.194,9.251,12.412
xor,mixed,65536,16,1230.194,9.251,12.715
xor,mixed,65536,32,1230.194,9.251,14.492
xor,mixed,65536,64,1230.194,9.251,13.534
xor,mixed,65536,128,1230.194,9.251,13.599
xor,mixed,65536,256,1230.194,9.251,14.765
xor,mixed,65536,512,1230.194,9.251,17.735
xor,mixed,98304,2,1702.425,8.458,10.282
xor,mixed,98304,4,1702.425,8.458,10.566
xor,mixed,98304,8,1702.425,8.458,11.347
xor,mixed,98304,16,1702.425,8.458,11.809
xor,mixed,98304,32,1702.425,8.458,12.759
xor,mixed,98304,64,1702.425,8.458,13.782
xor,mixed,98304,128,1702.425,8.458,13.785
xor,mixed,98304,256,1702.425,8.458,14.654
xor,mixed,98304,512,1702.425,8.458,16.989
xor,mixed,131072,2,2585.901,10.495,12.601
xor,mixed,131072,4,2585.901,10.495,12.748
xor,mixed,131072,8,2585.901,10.495,13.174
xor,mixed,131072,16,2585.901,10.495,14.119
xor,mixed,131072,32,2585.901,10.495,15.778
xor,mixed,131072,64,2585.901,10.495,15.980
xor,mixed,131072,128,2585.901,10.495,17.326
xor,mixed,131072,256,2585.901,10.495,17.246
xor,mixed,131072,512,2585.901,10.495,21.163
xor,mixed,196608,2,4270.568,10.263,11.879
xor,mixed,196608,4,4270.568,10.263,12.289
xor,mixed,196608,8,4270.568,10.263,14.618
xor,mixed,196608,16,4270.568,10.263,12.654
xor,mixed,196608,32,4270.568,10.263,13.825
xor,mixed,196608,64,4270.568,10.263,14.299
xor,mixed,196608,128,4270.568,10.263,15.334
xor,mixed,196608,256,4270.568,10.263,15.274
xor,mixed,196608,512,4270.568,10.263,18.212
xor,mixed,262144,2,5472.618,9.473,10.733
xor,mixed,262144,4,5472.618,9.473,11.420
xor,mixed,262144,8,5472.618,9.473,12.244
xor,mixed,262144,16,5472.618,9.473,12.712
xor,mixed,262144,32,5472.618,9.473,13.450
xor,mixed,262144,64,5472.618,9.473,13.864
xor,mixed,262144,128,5472.618,9.473,14.610
xor,mixed,262144,256,5472.618,9.473,15.497
xor,mixed,262144,512,5472.618,9.473,18.323
xor,mixed,393216,2,7655.604,12.519,12.009
xor,mixed,393216,4,7655.604,12.519,11.255
xor,mixed,393216,8,7655.604,12.519,13.909
xor,mixed,393216,16,7655.604,12.519,14.698
xor,mixed,393216,32,7655.604,12.519,15.694
xor,mixed,393216,64,7655.604,12.519,14.601
xor,mixed,393216,128,7655.604,12.519,14.480
xor,mixed,393216,256,7655.604,12.519,16.565
xor,mixed,393216,512,7655.604,12.519,21.795
xor,mixed,524288,2,16842.055,18.322,16.151
xor,mixed,524288,4,16842.055,18.322,12.137
xor,mixed,524288,8,16842.055,18.322,12.871
xor,mixed,524288,16,16842.055,18.322,13.984
xor,mixed,524288,32,16842.055,18.322,14.473
xor,mixed,524288,64,16842.055,18.322,15.332
xor,mixed,524288,128,16842.055,18.322,15.829
xor,mixed,524288,256,16842.055,18.322,18.348
xor,mixed,524288,512,16842.055,18.322,24.572
xor,mixed,786432,2,26869.727,26.367,22.871
xor,mixed,786432,4,26869.727,26.367,13.392
xor,mixed,786432,8,26869.727,26.367,13.616
xor,mixed,786432,16,26869.727,26.367,12.871
xor,mixed,786432,32,26869.727,26.367,13.880
xor,mixed,786432,64,26869.727,26.367,14.389
xor,mixed,786432,128,26869.727,26.367,14.890
xor,mixed,786432,256,26869.727,26.367,16.863
xor,mixed,786432,512,26869.727,26.367,23.421
xor,mixed,1048576,2,35490.152,30.988,23.442
xor,mixed,1048576,4,35490.152,30.988,15.983
xor,mixed,1048576,8,35490.152,30.988,12.839
xor,mixed,1048576,16,35490.152,30.988,13.884
xor,mixed,1048576,32,35490.152,30.988,15.253
xor,mixed,1048576,64,35490.152,30.988,15.286
xor,mixed,1048576,128,35490.152,30.988,15.988
xor,mixed,1048576,256,35490.152,30.988,19.452
xor,mixed,1048576,512,35490.152,30.988,28.432
xor,mixed_25,4,2,5.029,2.898,6.460
xor,mixed_25,4,4,5.029,2.898,4.859
xor,mixed_25,4,8,5.029,2.898,4.908
xor,mixed_25,4,16,5.029,2.898,4.965
xor,mixed_25,4,32,5.029,2.898,4.958
xor,mixed_25,4,64,5.029,2.898,4.890
xor,mixed_25,4,128,5.029,2.898,4.862
xor,mixed_25,4,256,5.029,2.898,4.904
xor,mixed_25,4,512,5.029,2.898,4.940
xor,mixed_25,8,2,7.144,4.423,6.624
xor,mixed_25,8,4,7.144,4.423,7.791
xor,mixed_25,8,8,7.144,4.423,7.359
xor,mixed_25,8,16,7.144,4.423,7.047
xor,mixed_25,8,32,7.144,4.423,6.980
xor,mixed_25,8,64,7.144,4.423,7.005
xor,mixed_25,8,128,7.144,4.423,7.199
xor,mixed_25,8,256,7.144,4.423,7.068
xor,mixed_25,8,512,7.144,4.423,7.160
xor,mixed_25,12,2,8.192,4.156,6.440
xor,mixed_25,12,4,8.192,4.156,6.747
xor,mixed_25,12,8,8.192,4.156,8.244
xor,mixed_25,12,16,8.192,4.156,8.044
xor,mixed_25,12,32,8.192,4.156,8.150
xor,mixed_25,12,64,8.192,4.156,8.064
xor,mixed_25,12,128,8.192,4.156,8.313
xor,mixed_25,12,256,8.192,4.156,8.162
xor,mixed_25,12,512,8.192,4.156,8.260
xor,mixed_25,16,2,8.530,5.183,7.689
xor,mixed_25,16,4,8.530,5.183,8.150
xor,mixed_25,16,8,8.530,5.183,9.699
xor,mixed_25,16,16,8.530,5.183,8.630
xor,mixed_25,16,32,8.530,5.183,8.699
xor,mixed_25,16,64,8.530,5.183,8.971
xor,mixed_25,16,128,8.530,5.183,8.716
xor,mixed_25,16,256,8.530,5.183,9.516
xor,mixed_25,16,512,8.530,5.183,9.221
xor,mixed_25,20,2,9.627,5.374,8.261
xor,mixed_25,20,4,9.627,5.374,8.351
xor,mixed_25,20,8,9.627,5.374,10.307
xor,mixed_25,20,16,9.627,5.374,10.049
xor,mixed_25,20,32,9.627,5.374,9.670
xor,mixed_25,20,64,9.627,5.374,10.048
xor,mixed_25,20,128,9.627,5.374,14.061
xor,mixed_25,20,256,9.627,5.374,14.988
xor,mixed_25,20,512,9.627,5.374,15.750
xor,mixed_25,24,2,15.570,7.835,10.967
xor,mixed_25,24,4,15.570,7.835,12.345
xor,mixed_25,24,8,15.570,7.835,13.967
xor,mixed_25,24,16,15.570,7.835,15.746
xor,mixed_25,24,32,15.570,7.835,16.236
xor,mixed_25,24,64,15.570,7.835,15.573
xor,mixed_25,24,128,15.570,7.835,11.527
xor,mixed_25,24,256,15.570,7.835,11.414
xor,mixed_25,24,512,15.570,7.835,12.031
xor,mixed_25,28,2,12.644,6.022,7.704
xor,mixed_25,28,4,12.644,6.022,8.738
xor,mixed_25,28,8,12.644,6.022,9.888
xor,mixed_25,28,16,12.644,6.022,11.547
xor,mixed_25,28,32,12.644,6.022,11.558
xor,mixed_25,28,64,12.644,6.022,11.607
xor,mixed_25,28,128,12.644,6.022,11.019
xor,mixed_25,28,256,12.644,6.022,10.307
xor,mixed_25,28,512,12.644,6.022,11.175
xor,mixed_25,32,2,11.526,5.988,8.901
xor,mixed_25,32,4,11.526,5.988,9.328
xor,mixed_25,32,8,11.526,5.988,11.184
xor,mixed_25,32,16,11.526,5.988,12.524
xor,mixed_25,32,32,11.526,5.988,11.335
xor,mixed_25,32,64,11.526,5.988,11.411
xor,mixed_25,32,128,11.526,5.988,11.288
xor,mixed_25,32,256,11.526,5.988,11.473
xor,mixed_25,32,512,11.526,5.988,11.513
xor,mixed_25,36,2,11.411,5.921,7.817
xor,mixed_25,36,4,11.411,5.921,9.215
xor,mixed_25,36,8,11.411,5.921,10.658
xor,mixed_25,36,16,11.411,5.921,11.757
xor,mixed_25,36,32,11.411,5.921,11.580
xor,mixed_25,36,64,11.411,5.921,10.167
xor,mixed_25,36,128,11.411,5.921,10.642
xor,mixed_25,36,256,11.411,5.921,10.878
xor,mixed_25,36,512,11.411,5.921,11.583
xor,mixed_25,40,2,11.720,5.942,8.825
xor,mixed_25,40,4,11.720,5.942,8.881
xor,mixed_25,40,8,11.720,5.942,10.043
xor,mixed_25,40,16,11.720,5.942,11.610
xor,mixed_25,40,32,11.720,5.942,12.482
xor,mixed_25,40,64,11.720,5.942,11.738
xor,mixed_25,40,128,11.720,5.942,10.758
xor,mixed_25,40,256,11.720,5.942,11.569
xor,mixed_25,40,512,11.720,5.942,12.044
xor,mixed_25,44,2,11.765,5.722,8.437
xor,mixed_25,44,4,11.765,5.722,9.313
xor,mixed_25,44,8,11.765,5.722,10.764
xor,mixed_25,44,16,11.765,5.722,11.365
xor,mixed_25,44,32,11.765,5.722,12.955
xor,mixed_25,44,64,11.765,5.722,10.887
xor,mixed_25,44,128,11.765,5.722,11.043
xor,mixed_25,44,256,11.765,5.722,11.240
xor,mixed_25,44,512,11.765,5.722,11.412
xor,mixed_25,48,2,12.842,6.287,9.145
xor,mixed_25,48,4,12.842,6.287,9.293
xor,mixed_25,48,8,12.842,6.287,11.304
xor,mixed_25,48,16,12.842,6.287,11.195
xor,mixed_25,48,32,12.842,6.287,12.290
xor,mixed_25,48,64,12.842,6.287,12.498
xor,mixed_25,48,128,12.842,6.287,12.211
xor,mixed_25,48,256,12.842,6.287,12.088
xor,mixed_25,48,512,12.842,6.287,12.033
xor,mixed_25,52,2,12.048,5.738,8.631
xor,mixed_25,52,4,12.048,5.738,8.918
xor,mixed_25,52,8,12.048,5.738,10.928
xor,mixed_25,52,16,12.048,5.738,11.464
xor,mixed_25,52,32,12.048,5.738,13.143
xor,mixed_25,52,64,12.048,5.738,12.363
xor,mixed_25,52,128,12.048,5.738,12.345
xor,mixed_25,52,256,12.048,5.738,12.341
xor,mixed_25,52,512,12.048,5.738,12.171
xor,mixed_25,56,2,12.384,5.960,8.326
xor,mixed_25,56,4,12.384,5.960,8.928
xor,mixed_25,56,8,12.384,5.960,11.347
xor,mixed_25,56,16,12.384,5.960,11.929
xor,mixed_25,56,32,12.384,5.960,13.431
xor,mixed_25,56,64,12.384,5.960,12.095
xor,mixed_25,56,128,12.384,5.960,11.330
xor,mixed_25,56,256,12.384,5.960,11.474
xor,mixed_25,56,512,12.384,5.960,11.384
xor,mixed_25,60,2,11.500,5.355,8.155
xor,mixed_25,60,4,11.500,5.355,9.216
xor,mixed_25,60,8,11.500,5.355,11.046
xor,mixed_25,60,16,11.500,5.355,11.899
xor,mixed_25,60,32,11.500,5.355,14.447
xor,mixed_25,60,64,11.500,5.355,11.566
xor,mixed_25,60,128,11.500,5.355,11.644
xor,mixed_25,60,256,11.500,5.355,11.514
xor,mixed_25,60,512,11.500,5.355,11.751
xor,mixed_25,64,2,11.542,5.848,8.480
xor,mixed_25,64,4,11.542,5.848,9.368
xor,mixed_25,64,8,11.542,5.848,10.992
xor,mixed_25,64,16,11.542,5.848,11.363
xor,mixed_25,64,32,11.542,5.848,12.993
xor,mixed_25,64,64,11.542,5.848,12.313
xor,mixed_25,64,128,11.542,5.848,12.248
xor,mixed_25,64,256,11.542,5.848,12.252
xor,mixed_25,64,512,11.542,5.848,12.748
xor,mixed_25,80,2,11.917,5.784,8.205
xor,mixed_25,80,4,11.917,5.784,9.362
xor,mixed_25,80,8,11.917,5.784,11.264
xor,mixed_25,80,16,11.917,5.784,11.529
xor,mixed_25,80,32,11.917,5.784,13.621
xor,mixed_25,80,64,11.917,5.784,12.312
xor,mixed_25,80,128,11.917,5.784,12.131
xor,mixed_25,80,256,11.917,5.784,12.514
xor,mixed_25,80,512,11.917,5.784,12.310
xor,mixed_25,96,2,12.272,5.908,8.568
xor,mixed_25,96,4,12.272,5.908,9.461
xor,mixed_25,96,8,12.272,5.908,10.542
xor,mixed_25,96,16,12.272,5.908,11.475
xor,mixed_25,96,32,12.272,5.908,12.385
xor,mixed_25,96,64,12.272,5.908,13.487
xor,mixed_25,96,128,12.272,5.908,12.396
xor,mixed_25,96,256,12.272,5.908,12.625
xor,mixed_25,96,512,12.272,5.908,12.757
xor,mixed_25,128,2,12.630,6.139,8.580
xor,mixed_25,128,4,12.630,6.139,9.659
xor,mixed_25,128,8,12.630,6.139,11.200
xor,mixed_25,128,16,12.630,6.139,12.539
xor,mixed_25,128,32,12.630,6.139,14.371
xor,mixed_25,128,64,12.630,6.139,14.627
xor,mixed_25,128,128,12.630,6.139,13.096
xor,mixed_25,128,256,12.630,6.139,12.690
xor,mixed_25,128,512,12.630,6.139,12.836
xor,mixed_25,192,2,14.382,6.544,9.207
xor,mixed_25,192,4,14.382,6.544,10.116
xor,mixed_25,192,8,14.382,6.544,11.156
xor,mixed_25,192,16,14.382,6.544,12.119
xor,mixed_25,192,32,14.382,6.544,13.785
xor,mixed_25,192,64,14.382,6.544,15.000
xor,mixed_25,192,128,14.382,6.544,15.651
xor,mixed_25,192,256,14.382,6.544,14.163
xor,mixed_25,192,512,14.382,6.544,13.886
xor,mixed_25,256,2,15.103,6.619,9.818
xor,mixed_25,256,4,15.103,6.619,11.169
xor,mixed_25,256,8,15.103,6.619,12.357
xor,mixed_25,256,16,15.103,6.619,12.804
xor,mixed_25,256,32,15.103,6.619,13.982
xor,mixed_25,256,64,15.103,6.619,14.775
xor,mixed_25,256,128,15.103,6.619,15.833
xor,mixed_25,256,256,15.103,6.619,14.889
xor,mixed_25,256,512,15.103,6.619,14.452
xor,mixed_25,384,2,17.555,7.006,9.926
xor,mixed_25,384,4,17.555,7.006,10.272
xor,mixed_25,384,8,17.555,7.006,11.530
xor,mixed_25,384,16,17.555,7.006,12.675
xor,mixed_25,384,32,17.555,7.006,14.832
xor,mixed_25,384,64,17.555,7.006,15.447
xor,mixed_25,384,128,17.555,7.006,15.022
xor,mixed_25,384,256,17.555,7.006,16.238
xor,mixed_25,384,512,17.555,7.006,17.178
xor,mixed_25,512,2,18.939,7.254,9.654
xor,mixed_25,512,4,18.939,7.254,10.378
xor,mixed_25,512,8,18.939,7.254,11.826
xor,mixed_25,512,16,18.939,7.254,13.129
xor,mixed_25,512,32,18.939,7.254,15.460
xor,mixed_25,512,64,18.939,7.254,15.737
xor,mixed_25,512,128,18.939,7.254,15.796
xor,mixed_25,512,256,18.939,7.254,17.062
xor,mixed_25,512,512,18.939,7.254,17.336
xor,mixed_25,768,2,21.288,6.789,9.624
xor,mixed_25,768,4,21.288,6.789,10.557
xor,mixed_25,768,8,21.288,6.789,12.181
xor,mixed_25,768,16,21.288,6.789,13.569
xor,mixed_25,768,32,21.288,6.789,14.713
xor,mixed_25,768,64,21.288,6.789,15.687
xor,mixed_25,768,128,21.288,6.789,15.751
xor,mixed_25,768,256,21.288,6.789,16.749
xor,mixed_25,768,512,21.288,6.789,19.057
xor,mixed_25,1024,2,25.928,7.429,10.381
xor,mixed_25,1024,4,25.928,7.429,11.620
xor,mixed_25,1024,8,25.928,7.429,12.699
xor,mixed_25,1024,16,25.928,7.429,12.972
xor,mixed_25,1024,32,25.928,7.429,14.881
xor,mixed_25,1024,64,25.928,7.429,16.633
xor,mixed_25,1024,128,25.928,7.429,17.582
xor,mixed_25,1024,256,25.928,7.429,17.905
xor,mixed_25,1024,512,25.928,7.429,21.210
xor,mixed_25,1536,2,29.442,7.510,10.459
xor,mixed_25,1536,4,29.442,7.510,11.677
xor,mixed_25,1536,8,29.442,7.510,13.737
xor,mixed_25,1536,16,29.442,7.510,13.773
xor,mixed_25,1536,32,29.442,7.510,15.405
xor,mixed_25,1536,64,29.442,7.510,16.760
xor,mixed_25,1536,128,29.442,7.510,17.947
xor,mixed_25,1536,256,29.442,7.510,19.208
xor,mixed_25,1536,512,29.442,7.510,21.741
xor,mixed_25,2048,2,35.112,7.484,9.881
xor,mixed_25,2048,4,35.112,7.484,11.109
xor,mixed_25,2048,8,35.112,7.484,12.334
xor,mixed_25,2048,16,35.112,7.484,13.792
xor,mixed_25,2048,32,35.112,7.484,15.386
xor,mixed_25,2048,64,35.112,7.484,16.032
xor,mixed_25,2048,128,35.112,7.484,16.642
xor,mixed_25,2048,256,35.112,7.484,18.207
xor,mixed_25,2048,512,35.112,7.484,20.313
xor,mixed_25,3072,2,58.168,7.476,10.290
xor,mixed_25,3072,4,58.168,7.476,11.124
xor,mixed_25,3072,8,58.168,7.476,13.264
xor,mixed_25,3072,16,58.168,7.476,14.176
xor,mixed_25,3072,32,58.168,7.476,15.858
xor,mixed_25,3072,64,58.168,7.476,16.868
xor,mixed_25,3072,128,58.168,7.476,17.378
xor,mixed_25,3072,256,58.168,7.476,18.825
xor,mixed_25,3072,512,58.168,7.476,22.226
xor,mixed_25,4096,2,77.009,7.966,10.608
xor,mixed_25,4096,4,77.009,7.966,11.515
xor,mixed_25,4096,8,77.009,7.966,13.204
xor,mixed_25,4096,16,77.009,7.966,14.483
xor,mixed_25,4096,32,77.009,7.966,16.089
xor,mixed_25,4096,64,77.009,7.966,16.831
xor,mixed_25,4096,128,77.009,7.966,17.500
xor,mixed_25,4096,256,77.009,7.966,19.227
xor,mixed_25,4096,512,77.009,7.966,23.421
xor,mixed_25,6144,2,113.633,8.226,10.580
xor,mixed_25,6144,4,113.633,8.226,12.206
xor,mixed_25,6144,8,113.633,8.226,13.278
xor,mixed_25,6144,16,113.633,8.226,14.367
xor,mixed_25,6144,32,113.633,8.226,15.818
xor,mixed_25,6144,64,113.633,8.226,16.755
xor,mixed_25,6144,128,113.633,8.226,17.487
xor,mixed_25,6144,256,113.633,8.226,19.094
xor,mixed_25,6144,512,113.633,8.226,21.753
xor,mixed_25,8192,2,172.551,7.782,10.775
xor,mixed_25,8192,4,172.551,7.782,11.811
xor,mixed_25,8192,8,172.551,7.782,13.173
xor,mixed_25,8192,16,172.551,7.782,14.145
xor,mixed_25,8192,32,172.551,7.782,15.604
xor,mixed_25,8192,64,172.551,7.782,16.855
xor,mixed_25,8192,128,172.551,7.782,17.766
xor,mixed_25,8192,256,172.551,7.782,19.021
xor,mixed_25,8192,512,172.551,7.782,22.833
xor,mixed_25,12288,2,191.630,8.110,10.594
xor,mixed_25,12288,4,191.630,8.110,11.649
xor,mixed_25,12288,8,191.630,8.110,12.982
xor,mixed_25,12288,16,191.630,8.110,14.004
xor,mixed_25,12288,32,191.630,8.110,15.789
xor,mixed_25,12288,64,191.630,8.110,16.768
xor,mixed_25,12288,128,191.630,8.110,17.661
xor,mixed_25,12288,256,191.630,8.110,19.071
xor,mixed_25,12288,512,191.630,8.110,22.883
xor,mixed_25,16384,2,263.474,8.423,10.848
xor,mixed_25,16384,4,263.474,8.423,12.199
xor,mixed_25,16384,8,263.474,8.423,13.277
xor,mixed_25,16384,16,263.474,8.423,14.325
xor,mixed_25,16384,32,263.474,8.423,16.064
xor,mixed_25,16384,64,263.474,8.423,17.176
xor,mixed_25,16384,128,263.474,8.423,18.388
xor,mixed_25,16384,256,263.474,8.423,19.650
xor,mixed_25,16384,512,263.474,8.423,24.148
xor,mixed_25,24576,2,399.768,8.557,11.500
xor,mixed_25,24576,4,399.768,8.557,12.541
xor,mixed_25,24576,8,399.768,8.557,14.087
xor,mixed_25,24576,16,399.768,8.557,15.418
xor,mixed_25,24576,32,399.768,8.557,15.921
xor,mixed_25,24576,64,399.768,8.557,17.516
xor,mixed_25,24576,128,399.768,8.557,18.047
xor,mixed_25,24576,256,399.768,8.557,19.646
xor,mixed_25,24576,512,399.768,8.557,23.956
xor,mixed_25,32768,2,849.081,8.752,11.081
xor,mixed_25,32768,4,849.081,8.752,12.421
xor,mixed_25,32768,8,849.081,8.752,13.454
xor,mixed_25,32768,16,849.081,8.752,14.510
xor,mixed_25,32768,32,849.081,8.752,16.148
xor,mixed_25,32768,64,849.081,8.752,17.012
xor,mixed_25,32768,128,849.081,8.752,17.873
xor,mixed_25,32768,256,849.081,8.752,19.125
xor,mixed_25,32768,512,849.081,8.752,22.776
xor,mixed_25,49152,2,1317.293,8.939,11.223
xor,mixed_25,49152,4,1317.293,8.939,12.255
xor,mixed_25,49152,8,1317.293,8.939,13.599
xor,mixed_25,49152,16,1317.293,8.939,14.582
xor,mixed_25,49152,32,1317.293,8.939,16.071
xor,mixed_25,49152,64,1317.293,8.939,17.950
xor,mixed_25,49152,128,1317.293,8.939,18.370
xor,mixed_25,49152,256,1317.293,8.939,20.218
xor,mixed_25,49152,512,1317.293,8.939,24.725
xor,mixed_25,65536,2,1757.454,9.371,11.552
xor,mixed_25,65536,4,1757.454,9.371,12.737
xor,mixed_25,65536,8,1757.454,9.371,13.978
xor,mixed_25,65536,16,1757.454,9.371,14.741
xor,mixed_25,65536,32,1757.454,9.371,16.670
xor,mixed_25,65536,64,1757.454,9.371,17.516
xor,mixed_25,65536,128,1757.454,9.371,18.315
xor,mixed_25,65536,256,1757.454,9.371,20.083
xor,mixed_25,65536,512,1757.454,9.371,25.186
xor,mixed_25,98304,2,2613.410,9.147,11.566
xor,mixed_25,98304,4,2613.410,9.147,12.863
xor,mixed_25,98304,8,2613.410,9.147,13.959
xor,mixed_25,98304,16,2613.410,9.147,14.802
xor,mixed_25,98304,32,2613.410,9.147,16.334
xor,mixed_25,98304,64,2613.410,9.147,17.359
xor,mixed_25,98304,128,2613.410,9.147,18.220
xor,mixed_25,98304,256,2613.410,9.147,19.872
xor,mixed_25,98304,512,2613.410,9.147,23.269
xor,mixed_25,131072,2,3571.035,9.497,12.006
xor,mixed_25,131072,4,3571.035,9.497,13.320
xor,mixed_25,131072,8,3571.035,9.497,14.479
xor,mixed_25,131072,16,3571.035,9.497,15.079
xor,mixed_25,131072,32,3571.035,9.497,16.702
xor,mixed_25,131072,64,3571.035,9.497,17.638
xor,mixed_25,131072,128,3571.035,9.497,18.565
xor,mixed_25,131072,256,3571.035,9.497,19.990
xor,mixed_25,131072,512,3571.035,9.497,23.911
xor,mixed_25,196608,2,5381.322,9.472,11.897
xor,mixed_25,196608,4,5381.322,9.472,13.137
xor,mixed_25,196608,8,5381.322,9.472,14.415
xor,mixed_25,196608,16,5381.322,9.472,15.281
xor,mixed_25,196608,32,5381.322,9.472,17.144
xor,mixed_25,196608,64,5381.322,9.472,18.130
xor,mixed_25,196608,128,5381.322,9.472,19.054
xor,mixed_25,196608,256,5381.322,9.472,20.840
xor,mixed_25,196608,512,5381.322,9.472,26.304
xor,mixed_25,262144,2,6849.715,9.815,12.297
xor,mixed_25,262144,4,6849.715,9.815,13.691
xor,mixed_25,262144,8,6849.715,9.815,14.995
xor,mixed_25,262144,16,6849.715,9.815,16.166
xor,mixed_25,262144,32,6849.715,9.815,18.154
xor,mixed_25,262144,64,6849.715,9.815,19.282
xor,mixed_25,262144,128,6849.715,9.815,20.592
xor,mixed_25,262144,256,6849.715,9.815,22.976
xor,mixed_25,262144,512,6849.715,9.815,29.704
xor,mixed_25,393216,2,12798.770,12.260,13.506
xor,mixed_25,393216,4,12798.770,12.260,14.567
xor,mixed_25,393216,8,12798.770,12.260,15.898
xor,mixed_25,393216,16,12798.770,12.260,16.851
xor,mixed_25,393216,32,12798.770,12.260,18.816
xor,mixed_25,393216,64,12798.770,12.260,20.738
xor,mixed_25,393216,128,12798.770,12.260,21.352
xor,mixed_25,393216,256,12798.770,12.260,24.428
xor,mixed_25,393216,512,12798.770,12.260,33.080
xor,mixed_25,524288,2,22364.883,17.106,15.803
xor,mixed_25,524288,4,22364.883,17.106,15.280
xor,mixed_25,524288,8,22364.883,17.106,15.920
xor,mixed_25,524288,16,22364.883,17.106,17.059
xor,mixed_25,524288,32,22364.883,17.106,18.753
xor,mixed_25,524288,64,22364.883,17.106,20.016
xor,mixed_25,524288,128,22364.883,17.106,21.286
xor,mixed_25,524288,256,22364.883,17.106,24.754
xor,mixed_25,524288,512,22364.883,17.106,34.354
xor,mixed_25,786432,2,38397.105,25.588,20.920
xor,mixed_25,786432,4,38397.105,25.588,14.688
xor,mixed_25,786432,8,38397.105,25.588,16.558
xor,mixed_25,786432,16,38397.105,25.588,16.965
xor,mixed_25,786432,32,38397.105,25.588,18.777
xor,mixed_25,786432,64,38397.105,25.588,19.875
xor,mixed_25,786432,128,38397.105,25.588,21.057
xor,mixed_25,786432,256,38397.105,25.588,24.808
xor,mixed_25,786432,512,38397.105,25.588,34.966
xor,mixed_25,1048576,2,50613.551,30.412,23.968
xor,mixed_25,1048576,4,50613.551,30.412,17.111
xor,mixed_25,1048576,8,50613.551,30.412,16.328
xor,mixed_25,1048576,16,50613.551,30.412,17.480
xor,mixed_25,1048576,32,50613.551,30.412,19.196
xor,mixed_25,1048576,64,50613.551,30.412,20.143
xor,mixed_25,1048576,128,50613.551,30.412,21.297
xor,mixed_25,1048576,256,50613.551,30.412,25.903
xor,mixed_25,1048576,512,50613.551,30.412,38.497
xor,mixed_75,4,2,2.419,3.983,5.333
xor,mixed_75,4,4,2.419,3.983,2.836
xor,mixed_75,4,8,2.419,3.983,2.845
xor,mixed_75,4,16,2.419,3.983,2.825
xor,mixed_75,4,32,2.419,3.983,2.812
xor,mixed_75,4,64,2.419,3.983,2.887
xor,mixed_75,4,128,2.419,3.983,2.902
xor,mixed_75,4,256,2.419,3.983,2.860
xor,mixed_75,4,512,2.419,3.983,2.845
xor,mixed_75,8,2,3.165,5.386,5.817
xor,mixed_75,8,4,3.165,5.386,5.811
xor,mixed_75,8,8,3.165,5.386,3.447
xor,mixed_75,8,16,3.165,5.386,3.590
xor,mixed_75,8,32,3.165,5.386,3.510
xor,mixed_75,8,64,3.165,5.386,3.495
xor,mixed_75,8,128,3.165,5.386,3.518
xor,mixed_75,8,256,3.165,5.386,3.590
xor,mixed_75,8,512,3.165,5.386,3.434
xor,mixed_75,12,2,3.482,5.139,5.890
xor,mixed_75,12,4,3.482,5.139,4.919
xor,mixed_75,12,8,3.482,5.139,5.433
xor,mixed_75,12,16,3.482,5.139,3.767
xor,mixed_75,12,32,3.482,5.139,3.804
xor,mixed_75,12,64,3.482,5.139,3.766
xor,mixed_75,12,128,3.482,5.139,3.771
xor,mixed_75,12,256,3.482,5.139,3.818
xor,mixed_75,12,512,3.482,5.139,3.819
xor,mixed_75,16,2,3.670,5.895,6.894
xor,mixed_75,16,4,3.670,5.895,6.057
xor,mixed_75,16,8,3.670,5.895,6.549
xor,mixed_75,16,16,3.670,5.895,4.100
xor,mixed_75,16,32,3.670,5.895,4.025
xor,mixed_75,16,64,3.670,5.895,4.023
xor,mixed_75,16,128,3.670,5.895,4.037
xor,mixed_75,16,256,3.670,5.895,4.036
xor,mixed_75,16,512,3.670,5.895,4.023
xor,mixed_75,20,2,3.858,5.810,7.265
xor,mixed_75,20,4,3.858,5.810,6.455
xor,mixed_75,20,8,3.858,5.810,6.245
xor,mixed_75,20,16,3.858,5.810,5.033
xor,mixed_75,20,32,3.858,5.810,4.229
xor,mixed_75,20,64,3.858,5.810,4.226
xor,mixed_75,20,128,3.858,5.810,4.205
xor,mixed_75,20,256,3.858,5.810,4.199
xor,mixed_75,20,512,3.858,5.810,4.146
xor,mixed_75,24,2,4.119,5.690,6.856
xor,mixed_75,24,4,4.119,5.690,6.083
xor,mixed_75,24,8,4.119,5.690,5.409
xor,mixed_75,24,16,4.119,5.690,5.914
xor,mixed_75,24,32,4.119,5.690,4.485
xor,mixed_75,24,64,4.119,5.690,4.513
xor,mixed_75,24,128,4.119,5.690,4.400
xor,mixed_75,24,256,4.119,5.690,4.474
xor,mixed_75,24,512,4.119,5.690,4.484
xor,mixed_75,28,2,4.358,5.686,6.506
xor,mixed_75,28,4,4.358,5.686,6.492
xor,mixed_75,28,8,4.358,5.686,6.146
xor,mixed_75,28,16,4.358,5.686,6.534
xor,mixed_75,28,32,4.358,5.686,4.533
xor,mixed_75,28,64,4.358,5.686,4.695
xor,mixed_75,28,128,4.358,5.686,4.524
xor,mixed_75,28,256,4.358,5.686,4.572
xor,mixed_75,28,512,4.358,5.686,4.639
xor,mixed_75,32,2,4.545,6.620,7.176
xor,mixed_75,32,4,4.545,6.620,7.333
xor,mixed_75,32,8,4.545,6.620,6.661
xor,mixed_75,32,16,4.545,6.620,6.952
xor,mixed_75,32,32,4.545,6.620,4.634
xor,mixed_75,32,64,4.545,6.620,4.684
xor,mixed_75,32,128,4.545,6.620,4.636
xor,mixed_75,32,256,4.545,6.620,4.579
xor,mixed_75,32,512,4.545,6.620,4.870
xor,mixed_75,36,2,4.463,6.550,7.513
xor,mixed_75,36,4,4.463,6.550,7.301
xor,mixed_75,36,8,4.463,6.550,6.806
xor,mixed_75,36,16,4.463,6.550,6.763
xor,mixed_75,36,32,4.463,6.550,5.225
xor,mixed_75,36,64,4.463,6.550,5.003
xor,mixed_75,36,128,4.463,6.550,4.694
xor,mixed_75,36,256,4.463,6.550,4.744
xor,mixed_75,36,512,4.463,6.550,4.672
xor,mixed_75,40,2,4.133,5.886,6.626
xor,mixed_75,40,4,4.133,5.886,6.686
xor,mixed_75,40,8,4.133,5.886,6.441
xor,mixed_75,40,16,4.133,5.886,6.042
xor,mixed_75,40,32,4.133,5.886,5.689
xor,mixed_75,40,64,4.133,5.886,4.979
xor,mixed_75,40,128,4.133,5.886,4.892
xor,mixed_75,40,256,4.133,5.886,4.901
xor,mixed_75,40,512,4.133,5.886,4.828
xor,mixed_75,44,2,4.290,5.767,6.812
xor,mixed_75,44,4,4.290,5.767,6.385
xor,mixed_75,44,8,4.290,5.767,5.854
xor,mixed_75,44,16,4.290,5.767,5.840
xor,mixed_75,44,32,4.290,5.767,5.647
xor,mixed_75,44,64,4.290,5.767,4.739
xor,mixed_75,44,128,4.290,5.767,4.985
xor,mixed_75,44,256,4.290,5.767,5.016
xor,mixed_75,44,512,4.290,5.767,4.638
xor,mixed_75,48,2,4.290,5.729,6.892
xor,mixed_75,48,4,4.290,5.729,7.044
xor,mixed_75,48,8,4.290,5.729,6.022
xor,mixed_75,48,16,4.290,5.729,5.685
xor,mixed_75,48,32,4.290,5.729,6.119
xor,mixed_75,48,64,4.290,5.729,4.740
xor,mixed_75,48,128,4.290,5.729,4.539
xor,mixed_75,48,256,4.290,5.729,4.627
xor,mixed_75,48,512,4.290,5.729,4.491
xor,mixed_75,52,2,4.191,5.771,7.106
xor,mixed_75,52,4,4.191,5.771,6.571
xor,mixed_75,52,8,4.191,5.771,6.626
xor,mixed_75,52,16,4.191,5.771,6.286
xor,mixed_75,52,32,4.191,5.771,7.219
xor,mixed_75,52,64,4.191,5.771,4.917
xor,mixed_75,52,128,4.191,5.771,5.296
xor,mixed_75,52,256,4.191,5.771,4.735
xor,mixed_75,52,512,4.191,5.771,4.755
xor,mixed_75,56,2,4.824,6.474,7.007
xor,mixed_75,56,4,4.824,6.474,7.102
xor,mixed_75,56,8,4.824,6.474,7.277
xor,mixed_75,56,16,4.824,6.474,6.287
xor,mixed_75,56,32,4.824,6.474,6.776
xor,mixed_75,56,64,4.824,6.474,4.951
xor,mixed_75,56,128,4.824,6.474,4.983
xor,mixed_75,56,256,4.824,6.474,4.856
xor,mixed_75,56,512,4.824,6.474,4.833
xor,mixed_75,60,2,4.589,6.233,7.685
xor,mixed_75,60,4,4.589,6.233,7.371
xor,mixed_75,60,8,4.589,6.233,7.946
xor,mixed_75,60,16,4.589,6.233,7.170
xor,mixed_75,60,32,4.589,6.233,7.755
xor,mixed_75,60,64,4.589,6.233,5.449
xor,mixed_75,60,128,4.589,6.233,5.339
xor,mixed_75,60,256,4.589,6.233,5.434
xor,mixed_75,60,512,4.589,6.233,5.299
xor,mixed_75,64,2,4.316,6.126,7.433
xor,mixed_75,64,4,4.316,6.126,7.431
xor,mixed_75,64,8,4.316,6.126,7.855
xor,mixed_75,64,16,4.316,6.126,6.600
xor,mixed_75,64,32,4.316,6.126,6.561
xor,mixed_75,64,64,4.316,6.126,4.691
xor,mixed_75,64,128,4.316,6.126,4.721
xor,mixed_75,64,256,4.316,6.126,4.754
xor,mixed_75,64,512,4.316,6.126,4.674
xor,mixed_75,80,2,4.300,6.041,6.842
xor,mixed_75,80,4,4.300,6.041,6.837
xor,mixed_75,80,8,4.300,6.041,6.906
xor,mixed_75,80,16,4.300,6.041,6.614
xor,mixed_75,80,32,4.300,6.041,6.320
xor,mixed_75,80,64,4.300,6.041,5.685
xor,mixed_75,80,128,4.300,6.041,4.841
xor,mixed_75,80,256,4.300,6.041,4.883
xor,mixed_75,80,512,4.300,6.041,4.956
xor,mixed_75,96,2,4.465,6.060,7.128
xor,mixed_75,96,4,4.465,6.060,6.808
xor,mixed_75,96,8,4.465,6.060,6.787
xor,mixed_75,96,16,4.465,6.060,6.556
xor,mixed_75,96,32,4.465,6.060,5.936
xor,mixed_75,96,64,4.465,6.060,6.528
xor,mixed_75,96,128,4.465,6.060,4.917
xor,mixed_75,96,256,4.465,6.060,4.975
xor,mixed_75,96,512,4.465,6.060,5.048
xor,mixed_75,128,2,4.596,6.479,7.441
xor,mixed_75,128,4,4.596,6.479,7.193
xor,mixed_75,128,8,4.596,6.479,7.344
xor,mixed_75,128,16,4.596,6.479,7.250
xor,mixed_75,128,32,4.596,6.479,6.924
xor,mixed_75,128,64,4.596,6.479,7.261
xor,mixed_75,128,128,4.596,6.479,4.971
xor,mixed_75,128,256,4.596,6.479,4.948
xor,mixed_75,128,512,4.596,6.479,4.962
xor,mixed_75,192,2,4.767,6.243,7.170
xor,mixed_75,192,4,4.767,6.243,7.049
xor,mixed_75,192,8,4.767,6.243,7.288
xor,mixed_75,192,16,4.767,6.243,7.135
xor,mixed_75,192,32,4.767,6.243,6.898
xor,mixed_75,192,64,4.767,6.243,6.327
xor,mixed_75,192,128,4.767,6.243,6.597
xor,mixed_75,192,256,4.767,6.243,5.143
xor,mixed_75,192,512,4.767,6.243,5.200
xor,mixed_75,256,2,5.012,6.639,7.597
xor,mixed_75,256,4,5.012,6.639,7.682
xor,mixed_75,256,8,5.012,6.639,7.857
xor,mixed_75,256,16,5.012,6.639,7.873
xor,mixed_75,256,32,5.012,6.639,7.972
xor,mixed_75,256,64,5.012,6.639,7.449
xor,mixed_75,256,128,5.012,6.639,7.425
xor,mixed_75,256,256,5.012,6.639,5.334
xor,mixed_75,256,512,5.012,6.639,5.395
xor,mixed_75,384,2,5.499,6.599,7.544
xor,mixed_75,384,4,5.499,6.599,7.517
xor,mixed_75,384,8,5.499,6.599,7.694
xor,mixed_75,384,16,5.499,6.599,7.556
xor,mixed_75,384,32,5.499,6.599,7.833
xor,mixed_75,384,64,5.499,6.599,7.242
xor,mixed_75,384,128,5.499,6.599,6.894
xor,mixed_75,384,256,5.499,6.599,7.388
xor,mixed_75,384,512,5.499,6.599,6.033
xor,mixed_75,512,2,6.096,6.883,8.177
xor,mixed_75,512,4,6.096,6.883,8.049
xor,mixed_75,512,8,6.096,6.883,8.224
xor,mixed_75,512,16,6.096,6.883,8.219
xor,mixed_75,512,32,6.096,6.883,8.434
xor,mixed_75,512,64,6.096,6.883,8.333
xor,mixed_75,512,128,6.096,6.883,7.685
xor,mixed_75,512,256,6.096,6.883,7.864
xor,mixed_75,512,512,6.096,6.883,6.596
xor,mixed_75,768,2,7.257,6.856,7.849
xor,mixed_75,768,4,7.257,6.856,7.841
xor,mixed_75,768,8,7.257,6.856,8.159
xor,mixed_75,768,16,7.257,6.856,8.131
xor,mixed_75,768,32,7.257,6.856,8.281
xor,mixed_75,768,64,7.257,6.856,8.167
xor,mixed_75,768,128,7.257,6.856,7.646
xor,mixed_75,768,256,7.257,6.856,7.255
xor,mixed_75,768,512,7.257,6.856,7.919
xor,mixed_75,1024,2,8.070,7.641,8.722
xor,mixed_75,1024,4,8.070,7.641,8.848
xor,mixed_75,1024,8,8.070,7.641,8.826
xor,mixed_75,1024,16,8.070,7.641,9.330
xor,mixed_75,1024,32,8.070,7.641,10.127
xor,mixed_75,1024,64,8.070,7.641,10.009
xor,mixed_75,1024,128,8.070,7.641,9.527
xor,mixed_75,1024,256,8.070,7.641,9.039
xor,mixed_75,1024,512,8.070,7.641,9.924
xor,mixed_75,1536,2,10.876,8.018,9.062
xor,mixed_75,1536,4,10.876,8.018,9.002
xor,mixed_75,1536,8,10.876,8.018,9.433
xor,mixed_75,1536,16,10.876,8.018,9.840
xor,mixed_75,1536,32,10.876,8.018,10.136
xor,mixed_75,1536,64,10.876,8.018,10.662
xor,mixed_75,1536,128,10.876,8.018,9.647
xor,mixed_75,1536,256,10.876,8.018,9.003
xor,mixed_75,1536,512,10.876,8.018,8.941
xor,mixed_75,2048,2,12.272,7.931,9.514
xor,mixed_75,2048,4,12.272,7.931,9.487
xor,mixed_75,2048,8,12.272,7.931,10.355
xor,mixed_75,2048,16,12.272,7.931,10.090
xor,mixed_75,2048,32,12.272,7.931,9.969
xor,mixed_75,2048,64,12.272,7.931,9.940
xor,mixed_75,2048,128,12.272,7.931,10.357
xor,mixed_75,2048,256,12.272,7.931,10.310
xor,mixed_75,2048,512,12.272,7.931,10.658
xor,mixed_75,3072,2,22.689,8.434,9.832
xor,mixed_75,3072,4,22.689,8.434,8.377
xor,mixed_75,3072,8,22.689,8.434,9.077
xor,mixed_75,3072,16,22.689,8.434,9.922
xor,mixed_75,3072,32,22.689,8.434,10.352
xor,mixed_75,3072,64,22.689,8.434,10.477
xor,mixed_75,3072,128,22.689,8.434,9.865
xor,mixed_75,3072,256,22.689,8.434,9.833
xor,mixed_75,3072,512,22.689,8.434,9.953
xor,mixed_75,4096,2,28.215,8.441,9.829
xor,mixed_75,4096,4,28.215,8.441,9.637
xor,mixed_75,4096,8,28.215,8.441,9.697
xor,mixed_75,4096,16,28.215,8.441,9.958
xor,mixed_75,4096,32,28.215,8.441,10.302
xor,mixed_75,4096,64,28.215,8.441,10.853
xor,mixed_75,4096,128,28.215,8.441,10.436
xor,mixed_75,4096,256,28.215,8.441,9.606
xor,mixed_75,4096,512,28.215,8.441,10.056
xor,mixed_75,6144,2,38.693,8.120,8.848
xor,mixed_75,6144,4,38.693,8.120,9.033
xor,mixed_75,6144,8,38.693,8.120,9.500
xor,mixed_75,6144,16,38.693,8.120,9.606
xor,mixed_75,6144,32,38.693,8.120,10.310
xor,mixed_75,6144,64,38.693,8.120,10.176
xor,mixed_75,6144,128,38.693,8.120,9.878
xor,mixed_75,6144,256,38.693,8.120,9.873
xor,mixed_75,6144,512,38.693,8.120,10.458
xor,mixed_75,8192,2,60.151,8.090,10.050
xor,mixed_75,8192,4,60.151,8.090,11.615
xor,mixed_75,8192,8,60.151,8.090,10.790
xor,mixed_75,8192,16,60.151,8.090,11.209
xor,mixed_75,8192,32,60.151,8.090,11.473
xor,mixed_75,8192,64,60.151,8.090,11.716
xor,mixed_75,8192,128,60.151,8.090,11.558
xor,mixed_75,8192,256,60.151,8.090,11.115
xor,mixed_75,8192,512,60.151,8.090,11.688
xor,mixed_75,12288,2,72.501,8.999,10.616
xor,mixed_75,12288,4,72.501,8.999,10.441
xor,mixed_75,12288,8,72.501,8.999,10.353
xor,mixed_75,12288,16,72.501,8.999,10.328
xor,mixed_75,12288,32,72.501,8.999,10.894
xor,mixed_75,12288,64,72.501,8.999,11.083
xor,mixed_75,12288,128,72.501,8.999,11.858
xor,mixed_75,12288,256,72.501,8.999,11.617
xor,mixed_75,12288,512,72.501,8.999,12.064
xor,mixed_75,16384,2,97.702,9.106,11.515
xor,mixed_75,16384,4,97.702,9.106,10.437
xor,mixed_75,16384,8,97.702,9.106,11.595
xor,mixed_75,16384,16,97.702,9.106,11.461
xor,mixed_75,16384,32,97.702,9.106,11.851
xor,mixed_75,16384,64,97.702,9.106,11.582
xor,mixed_75,16384,128,97.702,9.106,11.491
xor,mixed_75,16384,256,97.702,9.106,11.643
xor,mixed_75,16384,512,97.702,9.106,12.617
xor,mixed_75,24576,2,147.585,9.089,10.514
xor,mixed_75,24576,4,147.585,9.089,10.750
xor,mixed_75,24576,8,147.585,9.089,11.350
xor,mixed_75,24576,16,147.585,9.089,11.122
xor,mixed_75,24576,32,147.585,9.089,11.127
xor,mixed_75,24576,64,147.585,9.089,11.620
xor,mixed_75,24576,128,147.585,9.089,11.675
xor,mixed_75,24576,256,147.585,9.089,12.730
xor,mixed_75,24576,512,147.585,9.089,12.948
xor,mixed_75,32768,2,310.924,9.426,11.108
xor,mixed_75,32768,4,310.924,9.426,11.155
xor,mixed_75,32768,8,310.924,9.426,12.079
xor,mixed_75,32768,16,310.924,9.426,10.970
xor,mixed_75,32768,32,310.924,9.426,11.590
xor,mixed_75,32768,64,310.924,9.426,11.588
xor,mixed_75,32768,128,310.924,9.426,11.737
xor,mixed_75,32768,256,310.924,9.426,12.107
xor,mixed_75,32768,512,310.924,9.426,13.462
xor,mixed_75,49152,2,499.281,9.762,11.772
xor,mixed_75,49152,4,499.281,9.762,11.369
xor,mixed_75,49152,8,499.281,9.762,12.019
xor,mixed_75,49152,16,499.281,9.762,11.856
xor,mixed_75,49152,32,499.281,9.762,12.595
xor,mixed_75,49152,64,499.281,9.762,13.867
xor,mixed_75,49152,128,499.281,9.762,13.918
xor,mixed_75,49152,256,499.281,9.762,13.333
xor,mixed_75,49152,512,499.281,9.762,17.105
xor,mixed_75,65536,2,710.508,11.893,13.499
xor,mixed_75,65536,4,710.508,11.893,12.817
xor,mixed_75,65536,8,710.508,11.893,13.229
xor,mixed_75,65536,16,710.508,11.893,13.826
xor,mixed_75,65536,32,710.508,11.893,13.988
xor,mixed_75,65536,64,710.508,11.893,15.837
xor,mixed_75,65536,128,710.508,11.893,13.852
xor,mixed_75,65536,256,710.508,11.893,14.510
xor,mixed_75,65536,512,710.508,11.893,17.814
xor,mixed_75,98304,2,1089.972,11.646,12.532
xor,mixed_75,98304,4,1089.972,11.646,12.207
xor,mixed_75,98304,8,1089.972,11.646,13.621
xor,mixed_75,98304,16,1089.972,11.646,12.870
xor,mixed_75,98304,32,1089.972,11.646,12.787
xor,mixed_75,98304,64,1089.972,11.646,14.169
xor,mixed_75,98304,128,1089.972,11.646,13.388
xor,mixed_75,98304,256,1089.972,11.646,15.898
xor,mixed_75,98304,512,1089.972,11.646,16.196
xor,mixed_75,131072,2,1471.555,11.252,11.949
xor,mixed_75,131072,4,1471.555,11.252,15.508
xor,mixed_75,131072,8,1471.555,11.252,16.482
xor,mixed_75,131072,16,1471.555,11.252,12.737
xor,mixed_75,131072,32,1471.555,11.252,12.206
xor,mixed_75,131072,64,1471.555,11.252,11.933
xor,mixed_75,131072,128,1471.555,11.252,11.852
xor,mixed_75,131072,256,1471.555,11.252,12.026
xor,mixed_75,131072,512,1471.555,11.252,13.256
xor,mixed_75,196608,2,2006.556,10.848,11.131
xor,mixed_75,196608,4,2006.556,10.848,11.266
xor,mixed_75,196608,8,2006.556,10.848,11.641
xor,mixed_75,196608,16,2006.556,10.848,11.642
xor,mixed_75,196608,32,2006.556,10.848,12.017
xor,mixed_75,196608,64,2006.556,10.848,11.884
xor,mixed_75,196608,128,2006.556,10.848,11.829
xor,mixed_75,196608,256,2006.556,10.848,12.353
xor,mixed_75,196608,512,2006.556,10.848,13.618
xor,mixed_75,262144,2,2543.138,11.926,11.670
xor,mixed_75,262144,4,2543.138,11.926,11.433
xor,mixed_75,262144,8,2543.138,11.926,12.147
xor,mixed_75,262144,16,2543.138,11.926,12.291
xor,mixed_75,262144,32,2543.138,11.926,12.495
xor,mixed_75,262144,64,2543.138,11.926,12.101
xor,mixed_75,262144,128,2543.138,11.926,12.311
xor,mixed_75,262144,256,2543.138,11.926,12.853
xor,mixed_75,262144,512,2543.138,11.926,14.632
xor,mixed_75,393216,2,3932.041,15.182,13.853
xor,mixed_75,393216,4,3932.041,15.182,11.557
xor,mixed_75,393216,8,3932.041,15.182,12.244
xor,mixed_75,393216,16,3932.041,15.182,12.111
xor,mixed_75,393216,32,3932.041,15.182,12.226
xor,mixed_75,393216,64,3932.041,15.182,12.230
xor,mixed_75,393216,128,3932.041,15.182,12.426
xor,mixed_75,393216,256,3932.041,15.182,13.185
xor,mixed_75,393216,512,3932.041,15.182,15.558
xor,mixed_75,524288,2,8308.296,19.257,18.213
xor,mixed_75,524288,4,8308.296,19.257,12.465
xor,mixed_75,524288,8,8308.296,19.257,12.466
xor,mixed_75,524288,16,8308.296,19.257,12.569
xor,mixed_75,524288,32,8308.296,19.257,12.875
xor,mixed_75,524288,64,8308.296,19.257,12.973
xor,mixed_75,524288,128,8308.296,19.257,12.719
xor,mixed_75,524288,256,8308.296,19.257,13.513
xor,mixed_75,524288,512,8308.296,19.257,15.938
xor,mixed_75,786432,2,13891.066,27.048,24.154
xor,mixed_75,786432,4,13891.066,27.048,14.881
xor,mixed_75,786432,8,13891.066,27.048,12.417
xor,mixed_75,786432,16,13891.066,27.048,12.639
xor,mixed_75,786432,32,13891.066,27.048,12.730
xor,mixed_75,786432,64,13891.066,27.048,12.677
xor,mixed_75,786432,128,13891.066,27.048,12.422
xor,mixed_75,786432,256,13891.066,27.048,13.421
xor,mixed_75,786432,512,13891.066,27.048,16.379
xor,mixed_75,1048576,2,19648.473,31.355,27.342
xor,mixed_75,1048576,4,19648.473,31.355,18.746
xor,mixed_75,1048576,8,19648.473,31.355,13.266
xor,mixed_75,1048576,16,19648.473,31.355,12.778
xor,mixed_75,1048576,32,19648.473,31.355,13.322
xor,mixed_75,1048576,64,19648.473,31.355,13.443
xor,mixed_75,1048576,128,19648.473,31.355,13.106
xor,mixed_75,1048576,256,19648.473,31.355,13.921
xor,mixed_75,1048576,512,19648.473,31.355,17.166
